Team,Player #,Pos,Player,Player abbrev,GP,G,A,EV G,EV A,SOG,G/GP,A/GP,EV G/GP,EV A/GP,SOG/GP,EV +,EV -,EV GF %
Charlotte Checkers,15,C,A.J. Jenks,A. Jenks,27,2,4,2,4,40,0.07,0.15,0.07,0.15,1.48,7,12,0.37
Worcester Sharks,29,G,Aaron Dell,A. Dell,5,0,0,0,0,0,0.00,0.00,0.00,0.00,0.00,0,0,-
Binghamton Senators,72,D,Aaron Johnson,A. Johnson,34,1,12,1,8,51,0.03,0.35,0.03,0.24,1.50,29,21,0.58
Bridgeport Sound Tigers,27,D,Aaron Ness,A. Ness,32,4,17,4,8,54,0.13,0.53,0.13,0.25,1.69,21,12,0.64
Norfolk Admirals,29,D,Aaron Rome,A. Rome,2,0,0,0,0,1,0.00,0.00,0.00,0.00,0.50,2,0,1.00
Hershey Bears,26,LW,Aaron Volpatti,A. Volpatti,3,0,0,0,0,8,0.00,0.00,0.00,0.00,2.67,0,0,-
Worcester Sharks,37,RW,Adam Burish,A. Burish,15,4,3,4,3,24,0.27,0.20,0.27,0.20,1.60,6,5,0.55
Rockford IceHogs,2,D,Adam Clendening,A. Clendening,30,1,9,1,6,74,0.03,0.30,0.03,0.20,2.47,17,17,0.50
Lehigh Valley Phantoms,27,D,Adam Comrie,A. Comrie,4,0,0,0,0,7,0.00,0.00,0.00,0.00,1.75,1,3,0.25
Albany Devils,5,D,Adam Larsson,A. Larsson,1,0,2,0,0,1,0.00,2.00,0.00,0.00,1.00,0,0,-
Providence Bruins,31,G,Adam Morrison,A. Morrison,1,0,0,0,0,0,0.00,0.00,0.00,0.00,0.00,0,0,-
Wilkes-Barre/Scranton Penguins,28,C,Adam Payerl,A. Payerl,22,1,4,1,3,30,0.05,0.18,0.05,0.14,1.36,6,5,0.55
Bridgeport Sound Tigers,4,D,Adam Pelech,A. Pelech,23,0,4,0,3,12,0.00,0.17,0.00,0.13,0.52,11,12,0.48
Rochester Americans,16,RW,Akim Aliu,A. Aliu,10,3,1,3,1,13,0.30,0.10,0.30,0.10,1.30,6,8,0.43
Bridgeport Sound Tigers,22,C,Alan Quine,A. Quine,33,8,19,4,8,58,0.24,0.58,0.12,0.24,1.76,15,18,0.45
Grand Rapids Griffins,32,C,Alden Hirschfeld,A. Hirschfeld,4,0,1,0,1,4,0.00,0.25,0.00,0.25,1.00,1,1,0.50
Charlotte Checkers,17,RW,Alex Aleardi,A. Aleardi,15,4,4,3,2,31,0.27,0.27,0.20,0.13,2.07,4,6,0.40
Utica Comets,3,D,Alex Biega,A. Biega,30,3,11,2,8,58,0.10,0.37,0.07,0.27,1.93,21,16,0.57
Wilkes-Barre/Scranton Penguins,7,D,Alex Boak,A. Boak,17,1,2,1,2,19,0.06,0.12,0.06,0.12,1.12,8,5,0.62
Rockford IceHogs,25,C,Alex Broadhurst,A. Broadhurst,15,0,2,0,2,15,0.00,0.13,0.00,0.13,1.00,4,2,0.67
Utica Comets,8,C,Alex Friesen,A. Friesen,20,4,5,3,5,32,0.20,0.25,0.15,0.25,1.60,14,3,0.82
Binghamton Senators,20,D,Alex Grant,A. Grant,34,5,15,1,11,55,0.15,0.44,0.03,0.32,1.62,22,29,0.43
Iowa Wild,24,D,Alex Gudbranson,A. Gudbranson,32,1,3,1,3,18,0.03,0.09,0.03,0.09,0.56,13,19,0.41
Binghamton Senators,27,LW,Alex Guptill,A. Guptill,22,3,3,3,3,28,0.14,0.14,0.14,0.14,1.27,10,7,0.59
Norfolk Admirals,27,LW,Alex Krushelnyski,A. Krushelnyski,3,0,0,0,0,6,0.00,0.00,0.00,0.00,2.00,0,2,0.00
San Antonio Rampage,3,D,Alex Petrovic,A. Petrovic,33,3,13,2,6,55,0.09,0.39,0.06,0.18,1.67,22,23,0.49
Providence Bruins,16,RW,Alexander Fallstrom,A. Fallstrom,4,1,0,1,0,6,0.25,0.00,0.25,0.00,1.50,1,0,1.00
Providence Bruins,13,C,Alexander Khokhlachev,A. Khokhlachev,27,7,18,4,13,79,0.26,0.67,0.15,0.48,2.93,20,15,0.57
Springfield Falcons,34,C,Alexander Wennberg,A. Wennberg,6,0,3,0,3,7,0.00,0.50,0.00,0.50,1.17,5,1,0.83
Portland Pirates,49,C,Alexandre Bolduc,A. Bolduc,28,10,11,6,9,61,0.36,0.39,0.21,0.32,2.18,15,12,0.56
Albany Devils,39,RW,Alexandre Carrier,A. Carrier,7,0,0,0,0,4,0.00,0.00,0.00,0.00,0.57,0,1,0.00
Utica Comets,28,RW,Alexandre Grenier,A. Grenier,25,7,6,2,5,56,0.28,0.24,0.08,0.20,2.24,17,12,0.59
Grand Rapids Griffins,3,D,Alexey Marchenko,A. Marchenko,33,1,12,1,11,30,0.03,0.36,0.03,0.33,0.91,29,19,0.60
Rochester Americans,24,C,Allan McPherson,A. McPherson,15,0,0,0,0,10,0.00,0.00,0.00,0.00,0.67,2,5,0.29
Bridgeport Sound Tigers,9,LW,Anders Lee,A. Lee,5,3,2,1,2,18,0.60,0.40,0.20,0.40,3.60,3,2,0.60
Texas Stars,35,G,Anders Lindback,A. Lindback,5,0,0,0,0,0,0.00,0.00,0.00,0.00,0.00,0,0,-
Hershey Bears,15,C,Andre Burakovsky,A. Burakovsky,2,0,0,0,0,7,0.00,0.00,0.00,0.00,3.50,0,0,-
Grand Rapids Griffins,23,C,Andreas Athanasiou,A. Athanasiou,25,7,9,6,8,55,0.28,0.36,0.24,0.32,2.20,16,8,0.67
Syracuse Crunch,88,G,Andrei Vasilevskiy,A. Vasilevskiy,17,0,0,0,0,0,0.00,0.00,0.00,0.00,0.00,0,0,-
Lake Erie Monsters,18,LW,Andrew Agozzino,A. Agozzino,31,7,9,5,5,84,0.23,0.29,0.16,0.16,2.71,15,17,0.47
Providence Bruins,12,F,Andrew Ammon,A. Ammon,4,1,0,1,0,7,0.25,0.00,0.25,0.00,1.75,1,2,0.33
Worcester Sharks,39,D,Andrew Blazek,A. Blazek,3,0,0,0,0,0,0.00,0.00,0.00,0.00,0.00,0,2,0.00
Manchester Monarchs,7,D,Andrew Bodnarchuk,A. Bodnarchuk,22,1,3,1,0,42,0.05,0.14,0.05,0.00,1.91,10,8,0.56
Portland Pirates,4,D,Andrew Campbell,A. Campbell,32,3,9,0,6,38,0.09,0.28,0.00,0.19,1.19,14,18,0.44
Providence Bruins,39,F,Andrew Cherniwchan,A. Cherniwchan,15,2,1,2,1,14,0.13,0.07,0.13,0.07,0.93,5,10,0.33
Manchester Monarchs,21,C,Andrew Crescenzi,A. Crescenzi,25,0,2,0,2,21,0.00,0.08,0.00,0.08,0.84,2,8,0.20
Wilkes-Barre/Scranton Penguins,25,C,Andrew Ebbett,A. Ebbett,17,5,12,2,7,36,0.29,0.71,0.12,0.41,2.12,13,2,0.87
Lehigh Valley Phantoms,10,RW,Andrew Gordon,A. Gordon,33,8,8,6,3,68,0.24,0.24,0.18,0.09,2.06,14,17,0.45
Binghamton Senators,30,G,Andrew Hammond,A. Hammond,20,0,1,0,1,0,0.00,0.05,0.00,0.05,0.00,0,0,-
Lehigh Valley Phantoms,12,F,Andrew Johnston,A. Johnston,8,0,0,0,0,6,0.00,0.00,0.00,0.00,0.75,0,4,0.00
Toronto Marlies,2,D,Andrew MacWilliam,A. MacWilliam,31,1,2,1,2,25,0.03,0.06,0.03,0.06,0.81,16,9,0.64
Oklahoma City Barons,17,RW,Andrew Miller,A. Miller,33,10,15,7,7,68,0.30,0.45,0.21,0.21,2.06,24,17,0.59
Norfolk Admirals,25,D,Andrew O'Brien,A. O'Brien,31,0,5,0,5,49,0.00,0.16,0.00,0.16,1.58,11,21,0.34
Charlotte Checkers,8,LW,Andrew Rowe,A. Rowe,26,1,4,1,3,44,0.04,0.15,0.04,0.12,1.69,9,14,0.39
San Antonio Rampage,10,C,Andrew Yogan,A. Yogan,16,4,0,4,0,19,0.25,0.00,0.25,0.00,1.19,3,7,0.30
Rochester Americans,1,G,Andrey Makarov,A. Makarov,23,0,1,0,0,0,0.00,0.04,0.00,0.00,0.00,0,0,-
Utica Comets,37,D,Andrey Pedan,A. Pedan,20,0,7,0,6,27,0.00,0.35,0.00,0.30,1.35,17,12,0.59
Manchester Monarchs,12,LW,Andy Andreoff,A. Andreoff,7,5,5,4,4,12,0.71,0.71,0.57,0.57,1.71,11,3,0.79
Grand Rapids Griffins,21,C,Andy Miele,A. Miele,30,11,19,5,12,58,0.37,0.63,0.17,0.40,1.93,25,19,0.57
Milwaukee Admirals,2,D,Anthony Bitetto,A. Bitetto,33,1,13,1,10,58,0.03,0.39,0.03,0.30,1.76,27,17,0.61
Providence Bruins,15,LW,Anthony Camara,A. Camara,31,3,3,3,3,41,0.10,0.10,0.10,0.10,1.32,10,12,0.45
Grand Rapids Griffins,8,RW,Anthony Mantha,A. Mantha,22,6,5,3,4,49,0.27,0.23,0.14,0.18,2.23,16,3,0.84
Lehigh Valley Phantoms,35,G,Anthony Stolarz,A. Stolarz,14,0,0,0,0,0,0.00,0.00,0.00,0.00,0.00,0,0,-
Toronto Marlies,1,G,Antoine Bibeau,A. Bibeau,14,0,0,0,0,0,0.00,0.00,0.00,0.00,0.00,0,0,-
Norfolk Admirals,28,C,Antoine Laganiere,A. Laganiere,34,7,4,5,2,62,0.21,0.12,0.15,0.06,1.82,12,13,0.48
Springfield Falcons,35,G,Anton Forsberg,A. Forsberg,21,0,0,0,0,0,0.00,0.00,0.00,0.00,0.00,0,0,-
Oklahoma City Barons,16,C,Anton Lander,A. Lander,29,9,22,5,12,96,0.31,0.76,0.17,0.41,3.31,21,13,0.62
Wilkes-Barre/Scranton Penguins,18,LW,Anton Zlobin,A. Zlobin,6,0,0,0,0,10,0.00,0.00,0.00,0.00,1.67,0,1,0.00
Rockford IceHogs,30,G,Antti Raanta,A. Raanta,1,0,0,0,0,0,0.00,0.00,0.00,0.00,0.00,0,0,-
St. John's IceCaps,50,RW,Austen Brassard,A. Brassard,36,2,5,2,5,40,0.06,0.14,0.06,0.14,1.11,9,10,0.47
Lehigh Valley Phantoms,11,LW,Austin Fyten,A. Fyten,32,2,2,2,2,30,0.06,0.06,0.06,0.06,0.94,5,7,0.42
Charlotte Checkers,32,D,Austin Levi,A. Levi,4,0,0,0,0,6,0.00,0.00,0.00,0.00,1.50,1,1,0.50
Springfield Falcons,5,D,Austin Madaisky,A. Madaisky,36,9,20,8,11,78,0.25,0.56,0.22,0.31,2.17,29,21,0.58
Milwaukee Admirals,51,C,Austin Watson,A. Watson,33,12,5,9,3,59,0.36,0.15,0.27,0.09,1.79,21,17,0.55
Wilkes-Barre/Scranton Penguins,41,D,Barry Goers,B. Goers,21,0,5,0,5,13,0.00,0.24,0.00,0.24,0.62,13,8,0.62
Wilkes-Barre/Scranton Penguins,13,RW,Beau Bennett,B. Bennett,2,0,5,0,3,6,0.00,2.50,0.00,1.50,3.00,6,2,0.75
Charlotte Checkers,36,D,Beau Schmitz,B. Schmitz,9,0,2,0,2,5,0.00,0.22,0.00,0.22,0.56,3,3,0.50
St. John's IceCaps,18,D,Ben Chiarot,B. Chiarot,24,4,5,1,3,64,0.17,0.21,0.04,0.13,2.67,13,13,0.50
Chicago Wolves,39,LW,Ben Eager,B. Eager,7,0,2,0,2,5,0.00,0.29,0.00,0.29,0.71,2,4,0.33
Adirondack Flames,28,RW,Ben Hanowski,B. Hanowski,34,12,5,7,4,82,0.35,0.15,0.21,0.12,2.41,14,11,0.56
Charlotte Checkers,10,C,Ben Holmstrom,B. Holmstrom,26,4,3,1,3,39,0.15,0.12,0.04,0.12,1.50,5,11,0.31
Albany Devils,20,LW,Ben Johnson,B. Johnson,14,1,1,0,1,12,0.07,0.07,0.00,0.07,0.86,1,3,0.25
Lake Erie Monsters,10,C,Ben Street,B. Street,4,1,1,1,1,16,0.25,0.25,0.25,0.25,4.00,2,0,1.00
Albany Devils,26,LW,Ben Thomson,B. Thomson,32,5,3,4,4,42,0.16,0.09,0.13,0.13,1.31,10,9,0.53
St. John's IceCaps,21,RW,Ben Walker,B. Walker,15,1,1,1,1,18,0.07,0.07,0.07,0.07,1.20,3,4,0.43
Providence Bruins,2,D,Ben Youds,B. Youds,30,3,8,2,5,43,0.10,0.27,0.07,0.17,1.43,17,14,0.55
Iowa Wild,20,D,Benjamin Dieude-Fauvel,B. Dieude-Fauvel,9,0,1,0,1,8,0.00,0.11,0.00,0.11,0.89,4,4,0.50
Chicago Wolves,21,RW,Benn Ferriero,B. Ferriero,21,1,4,1,2,33,0.05,0.19,0.05,0.10,1.57,5,10,0.33
Adirondack Flames,46,C,Bill Arnold,B. Arnold,38,9,11,6,11,54,0.24,0.29,0.16,0.29,1.42,25,13,0.66
Lehigh Valley Phantoms,22,C,Blair Jones,B. Jones,19,4,10,3,2,53,0.21,0.53,0.16,0.11,2.79,9,6,0.60
St. John's IceCaps,25,RW,Blair Riley,B. Riley,31,1,4,1,4,29,0.03,0.13,0.03,0.13,0.94,7,10,0.41
Toronto Marlies,52,D,Blake Kessel,B. Kessel,3,0,1,0,1,3,0.00,0.33,0.00,0.33,1.00,1,1,0.50
San Antonio Rampage,7,D,Blake Parlett,B. Parlett,27,4,8,4,5,37,0.15,0.30,0.15,0.19,1.37,22,16,0.58
Utica Comets,22,C,Bo Horvat,B. Horvat,5,0,0,0,0,9,0.00,0.00,0.00,0.00,1.80,0,0,-
San Antonio Rampage,16,RW,Bobby Butler,B. Butler,33,15,17,10,12,81,0.45,0.52,0.30,0.36,2.45,24,17,0.59
Wilkes-Barre/Scranton Penguins,24,LW,Bobby Farnham,B. Farnham,23,1,3,1,2,37,0.04,0.13,0.04,0.09,1.61,5,5,0.50
Providence Bruins,21,RW,Bobby Robins,B. Robins,2,0,0,0,0,1,0.00,0.00,0.00,0.00,0.50,0,2,0.00
Utica Comets,6,D,Bobby Sanguinetti,B. Sanguinetti,27,8,9,5,5,54,0.30,0.33,0.19,0.19,2.00,27,12,0.69
Hamilton Bulldogs,16,D,Bobby Shea,B. Shea,2,0,0,0,0,2,0.00,0.00,0.00,0.00,1.00,1,1,0.50
Oklahoma City Barons,39,C,Bogdan Yakimov,B. Yakimov,30,3,10,3,10,61,0.10,0.33,0.10,0.33,2.03,17,15,0.53
Lake Erie Monsters,71,F,Borna Rendulic,B. Rendulic,26,4,4,2,3,47,0.15,0.15,0.08,0.12,1.81,12,16,0.43
Oklahoma City Barons,29,D,Brad Hunt,B. Hunt,21,7,15,3,8,55,0.33,0.71,0.14,0.38,2.62,22,17,0.56
Binghamton Senators,19,F,Brad Mills,B. Mills,8,1,3,1,0,13,0.13,0.38,0.13,0.00,1.63,2,6,0.25
Iowa Wild,26,D,Brad Richard,B. Richard,4,0,0,0,0,2,0.00,0.00,0.00,0.00,0.50,1,2,0.33
Toronto Marlies,11,LW,Brad Ross,B. Ross,19,4,3,4,3,25,0.21,0.16,0.21,0.16,1.32,9,8,0.53
Adirondack Flames,39,G,Brad Thiessen,B. Thiessen,13,0,1,0,0,0,0.00,0.08,0.00,0.00,0.00,0,0,-
Norfolk Admirals,15,LW,Brad Winchester,B. Winchester,12,4,5,2,3,25,0.33,0.42,0.17,0.25,2.08,8,7,0.53
Rochester Americans,52,D,Brady Austin,B. Austin,29,0,1,0,1,35,0.00,0.03,0.00,0.03,1.21,11,18,0.38
Iowa Wild,21,F,Brady Brassart,B. Brassart,33,3,4,2,3,38,0.09,0.12,0.06,0.09,1.15,6,20,0.23
Toronto Marlies,79,C,Brady Vail,B. Vail,6,0,0,0,0,1,0.00,0.00,0.00,0.00,0.17,0,2,0.00
Texas Stars,11,RW,Branden Troock,B. Troock,20,1,3,1,2,17,0.05,0.15,0.05,0.10,0.85,5,4,0.56
Lehigh Valley Phantoms,19,RW,Brandon Alderson,B. Alderson,19,3,2,3,1,32,0.16,0.11,0.16,0.05,1.68,5,6,0.45
Albany Devils,7,D,Brandon Burlon,B. Burlon,32,3,12,2,4,47,0.09,0.38,0.06,0.13,1.47,16,9,0.64
Oklahoma City Barons,3,D,Brandon Davidson,B. Davidson,22,2,4,2,4,43,0.09,0.18,0.09,0.18,1.95,19,9,0.68
Utica Comets,24,RW,Brandon DeFazio,B. DeFazio,33,13,8,8,6,90,0.39,0.24,0.24,0.18,2.73,15,13,0.54
Portland Pirates,36,D,Brandon Gormley,B. Gormley,9,1,2,1,0,26,0.11,0.22,0.11,0.00,2.89,4,9,0.31
Toronto Marlies,15,RW,Brandon Kozun,B. Kozun,12,3,0,2,0,25,0.25,0.00,0.17,0.00,2.08,5,3,0.63
St. John's IceCaps,17,LW,Brandon MacLean,B. MacLean,15,0,0,0,0,19,0.00,0.00,0.00,0.00,1.27,0,2,0.00
Lehigh Valley Phantoms,28,D,Brandon Manning,B. Manning,31,6,17,3,8,95,0.19,0.55,0.10,0.26,3.06,19,18,0.51
Rockford IceHogs,53,LW,Brandon Mashinter,B. Mashinter,32,7,9,3,4,58,0.22,0.28,0.09,0.13,1.81,13,15,0.46
Norfolk Admirals,18,RW,Brandon Yip,B. Yip,31,3,9,3,8,59,0.10,0.29,0.10,0.26,1.90,16,20,0.44
Rochester Americans,46,RW,Brayden Irwin,B. Irwin,23,4,4,1,2,49,0.17,0.17,0.04,0.09,2.13,8,10,0.44
Norfolk Admirals,9,D,Brendan Bell,B. Bell,35,1,17,1,8,52,0.03,0.49,0.03,0.23,1.49,22,25,0.47
Utica Comets,10,LW,Brendan Gaunce,B. Gaunce,33,4,9,3,8,60,0.12,0.27,0.09,0.24,1.82,16,12,0.57
Milwaukee Admirals,28,LW,Brendan Leipsic,B. Leipsic,33,4,21,3,9,60,0.12,0.64,0.09,0.27,1.82,19,18,0.51
Toronto Marlies,4,D,Brendan Mikkelson,B. Mikkelson,20,3,4,3,2,40,0.15,0.20,0.15,0.10,2.00,9,11,0.45
Texas Stars,19,LW,Brendan Ranford,B. Ranford,34,7,16,5,13,71,0.21,0.47,0.15,0.38,2.09,31,21,0.60
Portland Pirates,24,C,Brendan Shinnimin,B. Shinnimin,32,6,13,2,9,67,0.19,0.41,0.06,0.28,2.09,12,10,0.55
Charlotte Checkers,21,LW,Brendan Woods,B. Woods,33,6,9,4,8,55,0.18,0.27,0.12,0.24,1.67,16,18,0.47
St. John's IceCaps,8,D,Brenden Kichton,B. Kichton,31,3,7,2,4,49,0.10,0.23,0.06,0.13,1.58,9,18,0.33
Grand Rapids Griffins,44,D,Brennan Evans,B. Evans,27,0,1,0,1,16,0.00,0.04,0.00,0.04,0.59,18,10,0.64
Chicago Wolves,28,D,Brent Regner,B. Regner,35,5,10,5,6,56,0.14,0.29,0.14,0.17,1.60,22,13,0.63
Chicago Wolves,55,D,Brent Sopel,B. Sopel,23,0,7,0,4,18,0.00,0.30,0.00,0.17,0.78,14,12,0.54
Iowa Wild,17,LW,Brett Bulmer,B. Bulmer,27,1,4,1,4,46,0.04,0.15,0.04,0.15,1.70,10,15,0.40
Toronto Marlies,36,LW,Brett Findlay,B. Findlay,13,1,2,1,2,14,0.08,0.15,0.08,0.15,1.08,3,8,0.27
Lehigh Valley Phantoms,3,D,Brett Flemming,B. Flemming,22,0,3,0,3,36,0.00,0.14,0.00,0.14,1.64,6,6,0.50
Bridgeport Sound Tigers,44,LW,Brett Gallant,B. Gallant,23,1,2,1,2,18,0.04,0.09,0.04,0.09,0.78,3,3,0.50
Lehigh Valley Phantoms,16,RW,Brett Hextall,B. Hextall,22,2,4,2,3,36,0.09,0.18,0.09,0.14,1.64,5,6,0.45
Adirondack Flames,2,D,Brett Kulak,B. Kulak,6,1,0,0,0,11,0.17,0.00,0.00,0.00,1.83,2,5,0.29
San Antonio Rampage,15,C,Brett Olson,B. Olson,35,5,15,2,12,88,0.14,0.43,0.06,0.34,2.51,23,12,0.66
Springfield Falcons,24,D,Brett Ponich,B. Ponich,17,0,2,0,2,10,0.00,0.12,0.00,0.12,0.59,9,7,0.56
Texas Stars,20,RW,Brett Ritchie,B. Ritchie,22,11,7,7,4,99,0.50,0.32,0.32,0.18,4.50,17,5,0.77
Iowa Wild,27,C,Brett Sutter,B. Sutter,30,6,9,7,9,55,0.20,0.30,0.23,0.30,1.83,19,26,0.42
Hartford Wolf Pack,16,D,Bretton Stamler,B. Stamler,7,0,0,0,0,4,0.00,0.00,0.00,0.00,0.57,1,4,0.20
Wilkes-Barre/Scranton Penguins,8,D,Brian Dumoulin,B. Dumoulin,27,2,10,2,4,42,0.07,0.37,0.07,0.15,1.56,25,2,0.93
Providence Bruins,19,F,Brian Ferlin,B. Ferlin,29,5,5,3,4,45,0.17,0.17,0.10,0.14,1.55,8,9,0.47
Springfield Falcons,9,C,Brian Gibbons,B. Gibbons,7,1,4,1,2,6,0.14,0.57,0.14,0.29,0.86,5,2,0.71
Manchester Monarchs,22,RW,Brian O'Neill,B. O'Neill,36,10,33,7,22,90,0.28,0.92,0.19,0.61,2.50,33,13,0.72
Charlotte Checkers,7,LW,Brock McGinn,B. McGinn,34,5,8,4,5,76,0.15,0.24,0.12,0.15,2.24,9,11,0.45
Rochester Americans,38,RW,Brodie Reid,B. Reid,17,6,2,3,1,33,0.35,0.12,0.18,0.06,1.94,4,8,0.33
Charlotte Checkers,12,C,Brody Sutter,B. Sutter,10,2,1,7,9,16,0.20,0.10,0.70,0.90,1.60,19,26,0.42
Lake Erie Monsters,27,D,Bruno Gervais,B. Gervais,30,1,2,1,1,35,0.03,0.07,0.03,0.03,1.17,12,22,0.35
Hamilton Bulldogs,6,D,Bryan Allen,B. Allen,2,0,0,0,0,1,0.00,0.00,0.00,0.00,0.50,1,1,0.50
Worcester Sharks,11,LW,Bryan Lerg,B. Lerg,33,4,11,4,5,81,0.12,0.33,0.12,0.15,2.45,12,16,0.43
Wilkes-Barre/Scranton Penguins,12,RW,Bryan Rust,B. Rust,25,10,4,8,1,64,0.40,0.16,0.32,0.04,2.56,11,7,0.61
Providence Bruins,49,D,Bryce Aneloski,B. Aneloski,4,1,1,1,1,4,0.25,0.25,0.25,0.25,1.00,3,0,1.00
Adirondack Flames,48,LW,Bryce Van Brabant,B. Van Brabant,33,7,5,6,4,57,0.21,0.15,0.18,0.12,1.73,12,15,0.44
Binghamton Senators,10,RW,Buddy Robinson,B. Robinson,33,3,10,2,8,64,0.09,0.30,0.06,0.24,1.94,12,13,0.48
Toronto Marlies,54,C,Byron Froese,B. Froese,13,5,3,3,2,25,0.38,0.23,0.23,0.15,1.92,6,5,0.55
Oklahoma City Barons,24,D,C.J. Ludwig,C. Ludwig,13,1,2,1,2,8,0.08,0.15,0.08,0.15,0.62,8,7,0.53
Bridgeport Sound Tigers,12,C,C.J. Stretch,C. Stretch,29,5,13,2,6,47,0.17,0.45,0.07,0.21,1.62,11,5,0.69
Toronto Marlies,31,G,Cal Heeter,C. Heeter,1,0,0,0,0,0,0.00,0.00,0.00,0.00,0.00,0,0,-
Utica Comets,16,C,Cal O'Reilly,C. O'Reilly,34,4,26,2,11,45,0.12,0.76,0.06,0.32,1.32,18,21,0.46
Hershey Bears,40,RW,Caleb Herbert,C. Herbert,12,0,2,0,1,14,0.00,0.17,0.00,0.08,1.17,2,1,0.67
Lake Erie Monsters,31,G,Calvin Pickard,C. Pickard,16,0,0,0,0,0,0.00,0.00,0.00,0.00,0.00,0,0,-
Albany Devils,22,RW,Cam Janssen,C. Janssen,12,1,1,1,1,6,0.08,0.08,0.08,0.08,0.50,5,3,0.63
Texas Stars,24,D,Cameron Gaunce,C. Gaunce,33,1,2,1,2,38,0.03,0.06,0.03,0.06,1.15,21,21,0.50
Hershey Bears,5,D,Cameron Schilling,C. Schilling,33,2,6,2,5,48,0.06,0.18,0.06,0.15,1.45,21,11,0.66
St. John's IceCaps,48,LW,Carl Klingberg,C. Klingberg,35,10,10,8,8,110,0.29,0.29,0.23,0.23,3.14,25,22,0.53
Toronto Marlies,51,C,Carson McMillan,C. McMillan,13,0,1,0,1,12,0.00,0.08,0.00,0.08,0.92,2,7,0.22
Toronto Marlies,18,RW,Carter Ashton,C. Ashton,3,0,2,0,1,6,0.00,0.67,0.00,0.33,2.00,1,1,0.50
Utica Comets,34,RW,Carter Bancks,C. Bancks,27,3,2,3,2,40,0.11,0.07,0.11,0.07,1.48,12,7,0.63
Binghamton Senators,11,C,Carter Camper,C. Camper,34,4,14,4,10,49,0.12,0.41,0.12,0.29,1.44,16,16,0.50
Wilkes-Barre/Scranton Penguins,17,RW,Carter Rowney,C. Rowney,26,1,7,1,5,36,0.04,0.27,0.04,0.19,1.38,9,6,0.60
Charlotte Checkers,26,LW,Carter Sandlak,C. Sandlak,25,2,2,2,2,13,0.08,0.08,0.08,0.08,0.52,5,7,0.42
Norfolk Admirals,26,LW,Casey Pierro-Zabotel,C. Pierro-Zabotel,3,0,0,0,0,1,0.00,0.00,0.00,0.00,0.33,1,5,0.17
Hershey Bears,21,RW,Casey Wellman,C. Wellman,34,9,8,3,7,81,0.26,0.24,0.09,0.21,2.38,16,14,0.53
Syracuse Crunch,17,C,Cedric Paquette,C. Paquette,5,4,3,4,3,19,0.80,0.60,0.80,0.60,3.80,10,1,0.91
Hartford Wolf Pack,30,G,Cedrick Desjardins,C. Desjardins,15,0,0,0,0,0,0.00,0.00,0.00,0.00,0.00,0,0,-
Charlotte Checkers,59,RW,Chad LaRose,C. LaRose,34,8,10,4,4,83,0.24,0.29,0.12,0.12,2.44,11,18,0.38
Hartford Wolf Pack,16,C,Chad Nehring,C. Nehring,14,3,1,3,1,13,0.21,0.07,0.21,0.07,0.93,5,5,0.50
Rochester Americans,5,D,Chad Ruhwedel,C. Ruhwedel,36,7,11,0,7,83,0.19,0.31,0.00,0.19,2.31,26,24,0.52
Hershey Bears,17,C,Chandler Stephenson,C. Stephenson,30,3,3,1,3,13,0.10,0.10,0.03,0.10,0.43,7,10,0.41
Hamilton Bulldogs,10,C,Charles Hudon,C. Hudon,35,10,23,7,16,69,0.29,0.66,0.20,0.46,1.97,30,21,0.59
Norfolk Admirals,17,C,Charles Sarault,C. Sarault,24,2,5,2,1,25,0.08,0.21,0.08,0.04,1.04,5,8,0.38
St. John's IceCaps,13,LW,Chase Balisy,C. Balisy,34,8,15,7,8,52,0.24,0.44,0.21,0.24,1.53,18,19,0.49
Providence Bruins,6,D,Chris Casto,C. Casto,26,1,4,1,4,22,0.04,0.15,0.04,0.15,0.85,20,10,0.67
Worcester Sharks,50,C,Chris Tierney,C. Tierney,15,3,10,2,7,32,0.20,0.67,0.13,0.47,2.13,9,4,0.69
Hartford Wolf Pack,17,LW,Chris Bourque,C. Bourque,33,14,16,8,9,96,0.42,0.48,0.24,0.27,2.91,20,15,0.57
Providence Bruins,8,D,Chris Breen,C. Breen,24,0,4,0,4,22,0.00,0.17,0.00,0.17,0.92,10,10,0.50
Hershey Bears,24,RW,Chris Brown,C. Brown,23,8,5,14,12,73,0.35,0.22,0.61,0.52,3.17,35,23,0.60
Grand Rapids Griffins,55,LW,Chris Bruton,C. Bruton,24,1,1,1,1,13,0.04,0.04,0.04,0.04,0.54,2,9,0.18
Chicago Wolves,25,D,Chris Butler,C. Butler,14,1,8,1,4,34,0.07,0.57,0.07,0.29,2.43,10,5,0.67
Hershey Bears,23,RW,Chris Conner,C. Conner,20,6,9,3,5,50,0.30,0.45,0.15,0.25,2.50,10,9,0.53
Worcester Sharks,33,RW,Chris Crane,C. Crane,1,0,0,0,0,0,0.00,0.00,0.00,0.00,0.00,0,1,0.00
Binghamton Senators,33,G,Chris Driedger,C. Driedger,2,0,0,0,0,0,0.00,0.00,0.00,0.00,0.00,0,0,-
Bridgeport Sound Tigers,11,C,Chris Langkow,C. Langkow,33,5,3,4,2,23,0.15,0.09,0.12,0.06,0.70,9,9,0.50
Hartford Wolf Pack,3,LW,Chris McCarthy,C. McCarthy,5,1,0,1,0,6,0.20,0.00,0.20,0.00,1.20,1,4,0.20
Albany Devils,16,LW,Chris McKelvie,C. McKelvie,20,2,1,2,1,27,0.10,0.05,0.10,0.05,1.35,3,10,0.23
Hartford Wolf Pack,19,C,Chris Mueller,C. Mueller,22,3,6,2,4,48,0.14,0.27,0.09,0.18,2.18,9,13,0.41
Charlotte Checkers,25,LW,Chris Terry,C. Terry,5,1,1,1,0,9,0.20,0.20,0.20,0.00,1.80,0,1,0.00
Lehigh Valley Phantoms,26,C,Chris VandeVelde,C. VandeVelde,1,2,0,0,0,3,2.00,0.00,0.00,0.00,3.00,1,1,0.50
Norfolk Admirals,21,C,Chris Wagner,C. Wagner,22,9,9,6,6,49,0.41,0.41,0.27,0.27,2.23,11,14,0.44
Binghamton Senators,6,D,Chris Wideman,C. Wideman,33,12,17,6,10,115,0.36,0.52,0.18,0.30,3.48,30,23,0.57
Iowa Wild,5,D,Christian Folin,C. Folin,8,2,2,2,2,24,0.25,0.25,0.25,0.25,3.00,6,6,0.50
Hamilton Bulldogs,19,RW,Christian Thomas,C. Thomas,29,9,5,6,3,73,0.31,0.17,0.21,0.10,2.52,14,23,0.38
Toronto Marlies,33,G,Christopher Gibson,C. Gibson,19,0,1,0,0,0,0.00,0.05,0.00,0.00,0.00,0,0,-
Wilkes-Barre/Scranton Penguins,36,D,Clark Seymour,C. Seymour,5,0,1,0,1,4,0.00,0.20,0.00,0.20,0.80,1,3,0.25
Iowa Wild,12,C,Cody Almond,C. Almond,5,0,0,0,0,6,0.00,0.00,0.00,0.00,1.20,1,4,0.20
Rockford IceHogs,16,C,Cody Bass,C. Bass,24,0,5,0,4,25,0.00,0.21,0.00,0.17,1.04,6,7,0.46
Chicago Wolves,20,RW,Cody Beach,C. Beach,27,2,7,0,7,16,0.07,0.26,0.00,0.26,0.59,10,7,0.59
Lake Erie Monsters,41,D,Cody Corbett,C. Corbett,18,1,1,0,1,17,0.06,0.06,0.00,0.06,0.94,5,9,0.36
Springfield Falcons,27,D,Cody Goloubef,C. Goloubef,3,0,0,0,0,3,0.00,0.00,0.00,0.00,1.00,0,0,-
Syracuse Crunch,20,C,Cody Kunyk,C. Kunyk,32,5,7,4,6,38,0.16,0.22,0.13,0.19,1.19,12,12,0.50
Binghamton Senators,15,RW,Cole Schneider,C. Schneider,32,12,12,9,6,76,0.38,0.38,0.28,0.19,2.38,22,20,0.52
Grand Rapids Griffins,17,RW,Colin Campbell,C. Campbell,26,2,1,2,1,32,0.08,0.04,0.08,0.04,1.23,7,2,0.78
Chicago Wolves,24,C,Colin Fraser,C. Fraser,33,7,5,5,2,54,0.21,0.15,0.15,0.06,1.64,13,13,0.50
Rochester Americans,17,C,Colin Jacobs,C. Jacobs,1,0,0,0,0,0,0.00,0.00,0.00,0.00,0.00,0,1,0.00
Bridgeport Sound Tigers,13,RW,Colin McDonald,C. McDonald,29,12,17,8,10,76,0.41,0.59,0.28,0.34,2.62,20,18,0.53
Manchester Monarchs,6,D,Colin Miller,C. Miller,31,8,15,3,8,72,0.26,0.48,0.10,0.26,2.32,22,19,0.54
Lake Erie Monsters,37,C,Colin Smith,C. Smith,32,8,13,4,8,56,0.25,0.41,0.13,0.25,1.75,13,15,0.46
Providence Bruins,49,LW,Colin Stuart,C. Stuart,8,0,2,0,1,13,0.00,0.25,0.00,0.13,1.63,1,3,0.25
Bridgeport Sound Tigers,17,RW,Colton Gillies,C. Gillies,29,3,2,3,2,33,0.10,0.07,0.10,0.07,1.14,10,6,0.63
Toronto Marlies,28,RW,Colton Orr,C. Orr,10,0,0,0,0,2,0.00,0.00,0.00,0.00,0.20,0,5,0.00
Milwaukee Admirals,18,C,Colton Sissons,C. Sissons,33,9,3,6,2,65,0.27,0.09,0.18,0.06,1.97,15,12,0.56
San Antonio Rampage,23,LW,Connor Brickley,C. Brickley,33,9,10,6,9,67,0.27,0.30,0.18,0.27,2.03,19,12,0.61
Toronto Marlies,29,RW,Connor Brown,C. Brown,35,9,19,14,12,70,0.26,0.54,0.40,0.34,2.00,35,23,0.60
Hershey Bears,25,D,Connor Carrick,C. Carrick,33,4,15,2,5,60,0.12,0.45,0.06,0.15,1.82,9,15,0.38
Hamilton Bulldogs,23,LW,Connor Crisp,C. Crisp,19,1,1,1,1,7,0.05,0.05,0.05,0.05,0.37,2,5,0.29
Texas Stars,4,D,Connor Hardowa,C. Hardowa,5,0,0,0,0,3,0.00,0.00,0.00,0.00,0.60,0,5,0.00
St. John's IceCaps,37,G,Connor Hellebuyck,C. Hellebuyck,26,0,1,0,0,0,0.00,0.04,0.00,0.00,0.00,0,0,-
Oklahoma City Barons,20,C,Connor Jones,C. Jones,7,2,1,2,1,12,0.29,0.14,0.29,0.14,1.71,3,3,0.50
Hartford Wolf Pack,4,D,Conor Allen,C. Allen,30,5,9,5,7,38,0.17,0.30,0.17,0.23,1.27,22,18,0.55
Wilkes-Barre/Scranton Penguins,43,LW,Conor Sheary,C. Sheary,28,10,7,8,5,70,0.36,0.25,0.29,0.18,2.50,15,10,0.60
Adirondack Flames,11,C,Corban Knight,C. Knight,22,8,4,5,3,51,0.36,0.18,0.23,0.14,2.32,8,6,0.57
Iowa Wild,14,D,Corbin Baldwin,C. Baldwin,16,0,0,0,0,4,0.00,0.00,0.00,0.00,0.25,1,10,0.09
Albany Devils,33,D,Corbin McPherson,C. McPherson,34,1,3,1,3,31,0.03,0.09,0.03,0.09,0.91,18,20,0.47
Portland Pirates,18,C,Corey Trivino,C. Trivino,19,1,7,1,6,26,0.05,0.37,0.05,0.32,1.37,8,6,0.57
Springfield Falcons,36,LW,Corey Cowick,C. Cowick,27,5,3,4,2,42,0.19,0.11,0.15,0.07,1.56,12,10,0.55
Adirondack Flames,44,D,Corey Potter,C. Potter,19,0,5,0,4,33,0.00,0.26,0.00,0.21,1.74,17,5,0.77
Bridgeport Sound Tigers,89,LW,Cory Conacher,C. Conacher,9,2,6,1,2,20,0.22,0.67,0.11,0.22,2.22,4,1,0.80
Providence Bruins,38,F,Cory Kane,C. Kane,25,2,6,1,5,34,0.08,0.24,0.04,0.20,1.36,10,8,0.56
Providence Bruins,14,LW,Craig Cunningham,C. Cunningham,21,5,10,4,3,67,0.24,0.48,0.19,0.14,3.19,10,13,0.43
Iowa Wild,13,LW,Curt Gogol,C. Gogol,22,1,1,0,1,23,0.05,0.05,0.00,0.05,1.05,3,9,0.25
Oklahoma City Barons,10,LW,Curtis Hamilton,C. Hamilton,29,6,10,6,9,40,0.21,0.34,0.21,0.31,1.38,16,12,0.57
Texas Stars,16,LW,Curtis McKenzie,C. McKenzie,13,4,7,2,3,32,0.31,0.54,0.15,0.23,2.46,9,7,0.56
Utica Comets,38,C,Curtis Valk,C. Valk,1,0,0,0,0,0,0.00,0.00,0.00,0.00,0.00,0,0,-
Hartford Wolf Pack,20,D,Dallas Jackson,D. Jackson,25,1,5,1,5,32,0.04,0.20,0.04,0.20,1.28,9,8,0.53
Syracuse Crunch,33,LW,Dalton Smith,D. Smith,32,8,4,7,4,49,0.25,0.13,0.22,0.13,1.53,11,10,0.52
Rochester Americans,43,RW,Dan Catenacci,D. Catenacci,31,4,2,4,2,34,0.13,0.06,0.13,0.06,1.10,9,13,0.41
San Antonio Rampage,39,G,Dan Ellis,D. Ellis,24,0,0,0,0,0,0.00,0.00,0.00,0.00,0.00,0,0,-
Albany Devils,8,D,Dan Kelly,D. Kelly,23,0,6,0,6,21,0.00,0.26,0.00,0.26,0.91,14,11,0.56
Portland Pirates,14,C,Dan O'Donoghue,D. O'Donoghue,13,0,0,0,0,12,0.00,0.00,0.00,0.00,0.92,1,3,0.25
Springfield Falcons,14,LW,Dana Tyrell,D. Tyrell,19,9,8,7,6,24,0.47,0.42,0.37,0.32,1.26,14,8,0.64
Hershey Bears,38,LW,Dane Byers,D. Byers,31,4,8,2,7,48,0.13,0.26,0.06,0.23,1.55,12,14,0.46
Syracuse Crunch,78,LW,Danick Gauthier,D. Gauthier,1,0,0,0,0,1,0.00,0.00,0.00,0.00,1.00,0,0,-
Lake Erie Monsters,44,RW,Daniel Maggio,D. Maggio,19,1,1,1,0,10,0.05,0.05,0.05,0.00,0.53,2,6,0.25
Hamilton Bulldogs,11,LW,Daniel Carr,D. Carr,35,6,8,6,6,73,0.17,0.23,0.17,0.17,2.09,17,11,0.61
Binghamton Senators,8,D,Daniel New,D. New,17,2,5,2,4,22,0.12,0.29,0.12,0.24,1.29,9,7,0.56
Worcester Sharks,19,RW,Daniil Tarasov,D. Tarasov,32,6,10,5,6,99,0.19,0.31,0.16,0.19,3.09,15,13,0.54
Charlotte Checkers,9,D,Danny Biega,D. Biega,35,2,5,1,3,48,0.06,0.14,0.03,0.09,1.37,10,16,0.38
Binghamton Senators,12,F,Danny Hobbs,D. Hobbs,7,1,1,1,1,7,0.14,0.14,0.14,0.14,1.00,3,4,0.43
Hartford Wolf Pack,29,RW,Danny Kristo,D. Kristo,31,8,10,6,6,72,0.26,0.32,0.19,0.19,2.32,13,11,0.54
Iowa Wild,25,D,Danny Syvret,D. Syvret,32,2,10,1,6,43,0.06,0.31,0.03,0.19,1.34,29,35,0.45
Norfolk Admirals,51,LW,Dany Heatley,D. Heatley,5,2,0,0,0,14,0.40,0.00,0.00,0.00,2.80,1,2,0.33
Albany Devils,23,RW,Darcy Zajac,D. Zajac,33,3,4,2,4,52,0.09,0.12,0.06,0.12,1.58,8,13,0.38
Portland Pirates,26,LW,Darian Dziurzynski,D. Dziurzynski,32,7,1,9,5,36,0.22,0.03,0.28,0.16,1.13,22,26,0.46
Utica Comets,25,LW,Darren Archibald,D. Archibald,30,4,6,2,5,52,0.13,0.20,0.07,0.17,1.73,12,8,0.60
Hamilton Bulldogs,7,D,Darren Dietz,D. Dietz,34,3,4,3,3,30,0.09,0.12,0.09,0.09,0.88,20,21,0.49
Binghamton Senators,37,LW,Darren Kramer,D. Kramer,33,0,6,0,6,44,0.00,0.18,0.00,0.18,1.33,16,14,0.53
Lehigh Valley Phantoms,36,C,Darroll Powe,D. Powe,28,5,6,3,3,36,0.18,0.21,0.11,0.11,1.29,9,8,0.53
Norfolk Admirals,39,C,Dave Steckel,D. Steckel,35,1,11,1,8,50,0.03,0.31,0.03,0.23,1.43,12,16,0.43
Iowa Wild,30,G,David Desander,D. Desander,1,0,0,0,0,0,0.00,0.00,0.00,0.00,0.00,0,0,-
Toronto Marlies,20,LW,David Booth,D. Booth,2,1,0,0,0,10,0.50,0.00,0.00,0.00,5.00,0,1,0.00
Toronto Marlies,17,LW,David Broll,D. Broll,21,0,0,0,0,33,0.00,0.00,0.00,0.00,1.57,0,6,0.00
Binghamton Senators,22,LW,David Dziurzynski,D. Dziurzynski,28,3,5,9,5,35,0.11,0.18,0.32,0.18,1.25,22,26,0.46
Bridgeport Sound Tigers,33,G,David Leggio,D. Leggio,13,0,0,0,0,0,0.00,0.00,0.00,0.00,0.00,0,0,-
Norfolk Admirals,38,D,David MacDonald,D. MacDonald,5,0,2,0,1,3,0.00,0.40,0.00,0.20,0.60,2,3,0.40
Hamilton Bulldogs,36,D,David Makowski,D. Makowski,3,0,0,0,0,1,0.00,0.00,0.00,0.00,0.33,2,3,0.40
Oklahoma City Barons,6,D,David Musil,D. Musil,29,0,2,0,2,23,0.00,0.07,0.00,0.07,0.79,14,20,0.41
Norfolk Admirals,34,RW,David Pacan,D. Pacan,8,1,0,1,0,10,0.13,0.00,0.13,0.00,1.25,2,9,0.18
Providence Bruins,32,RW,David Pastrnak,D. Pastrnak,24,10,17,9,14,74,0.42,0.71,0.38,0.58,3.08,25,11,0.69
Portland Pirates,6,D,David Schlemko,D. Schlemko,2,1,3,1,1,5,0.50,1.50,0.50,0.50,2.50,2,0,1.00
Chicago Wolves,7,D,David Shields,D. Shields,21,0,4,0,4,12,0.00,0.19,0.00,0.19,0.57,13,16,0.45
Manchester Monarchs,14,LW,David Van der Gulik,D. Van der Gulik,31,6,8,4,6,56,0.19,0.26,0.13,0.19,1.81,15,7,0.68
Providence Bruins,5,D,David Warsofsky,D. Warsofsky,18,0,3,0,2,47,0.00,0.17,0.00,0.11,2.61,10,11,0.48
Albany Devils,25,LW,David Wohlberg,D. Wohlberg,18,2,1,2,1,15,0.11,0.06,0.11,0.06,0.83,7,5,0.58
Adirondack Flames,45,LW,David Wolf,D. Wolf,30,6,7,5,5,56,0.20,0.23,0.17,0.17,1.87,12,10,0.55
Hamilton Bulldogs,4,D,Davis Drewiske,D. Drewiske,35,3,7,3,6,50,0.09,0.20,0.09,0.17,1.43,25,29,0.46
Lake Erie Monsters,45,RW,Dennis Everberg,D. Everberg,8,2,1,2,1,15,0.25,0.13,0.25,0.13,1.88,3,8,0.27
Rockford IceHogs,12,C,Dennis Rasmussen,D. Rasmussen,36,7,6,7,5,60,0.19,0.17,0.19,0.14,1.67,21,13,0.62
Charlotte Checkers,20,D,Dennis Robertson,D. Robertson,20,1,4,1,3,20,0.05,0.20,0.05,0.15,1.00,8,8,0.50
Springfield Falcons,7,D,Denny Urban,D. Urban,22,2,8,0,6,34,0.09,0.36,0.00,0.27,1.55,10,9,0.53
Toronto Marlies,44,C,Denver Manderson,D. Manderson,5,0,1,0,1,4,0.00,0.20,0.00,0.20,0.80,2,1,0.67
Manchester Monarchs,3,D,Derek Forbort,D. Forbort,36,2,8,2,4,46,0.06,0.22,0.06,0.11,1.28,28,11,0.72
Binghamton Senators,57,C,Derek Grant,D. Grant,34,12,7,8,5,83,0.35,0.21,0.24,0.15,2.44,20,23,0.47
Texas Stars,39,LW,Derek Hulak,D. Hulak,30,8,9,6,7,50,0.27,0.30,0.20,0.23,1.67,14,11,0.56
Lehigh Valley Phantoms,29,RW,Derek Mathers,D. Mathers,16,0,1,0,1,15,0.00,0.06,0.00,0.06,0.94,2,1,0.67
Texas Stars,9,D,Derek Meech,D. Meech,30,5,13,3,7,61,0.17,0.43,0.10,0.23,2.03,26,23,0.53
Wilkes-Barre/Scranton Penguins,51,D,Derrick Pouliot,D. Pouliot,23,7,13,3,4,46,0.30,0.57,0.13,0.17,2.00,12,10,0.55
Adirondack Flames,10,RW,Devin Setoguchi,D. Setoguchi,7,1,3,1,3,13,0.14,0.43,0.14,0.43,1.86,3,3,0.50
Rockford IceHogs,9,D,Dillon Fournier,D. Fournier,2,0,0,0,0,1,0.00,0.00,0.00,0.00,0.50,1,1,0.50
Oklahoma City Barons,18,D,Dillon Simpson,D. Simpson,32,2,7,2,7,31,0.06,0.22,0.06,0.22,0.97,21,19,0.53
Chicago Wolves,22,LW,Dmitrij Jaskin,D. Jaskin,18,4,11,1,8,58,0.22,0.61,0.06,0.44,3.22,15,5,0.75
Springfield Falcons,40,RW,Domenic Monardo,D. Monardo,24,7,2,5,2,55,0.29,0.08,0.21,0.08,2.29,12,6,0.67
Wilkes-Barre/Scranton Penguins,26,C,Dominik Uher,D. Uher,35,5,5,4,5,41,0.14,0.14,0.11,0.14,1.17,11,7,0.61
Hamilton Bulldogs,15,LW,Drayson Bowman,D. Bowman,25,6,7,1,4,49,0.24,0.28,0.04,0.16,1.96,12,12,0.50
Rochester Americans,4,D,Drew Bagnall,D. Bagnall,19,1,6,1,5,14,0.05,0.32,0.05,0.26,0.74,10,10,0.50
Rockford IceHogs,14,C,Drew LeBlanc,D. LeBlanc,25,3,1,3,0,33,0.12,0.04,0.12,0.00,1.32,10,10,0.50
Charlotte Checkers,35,G,Drew MacIntyre,D. MacIntyre,24,0,0,0,0,0,0.00,0.00,0.00,0.00,0.00,0,0,-
Providence Bruins,26,D,Drew MacKenzie,D. MacKenzie,4,0,1,0,1,0,0.00,0.25,0.00,0.25,0.00,2,0,1.00
San Antonio Rampage,32,C,Drew Shore,D. Shore,35,9,21,6,11,88,0.26,0.60,0.17,0.31,2.51,19,14,0.58
Lake Erie Monsters,16,D,Duncan Siemens,D. Siemens,30,0,3,0,3,18,0.00,0.10,0.00,0.10,0.60,11,18,0.38
Hershey Bears,10,RW,Dustin Gazley,D. Gazley,31,4,6,0,5,41,0.13,0.19,0.00,0.16,1.32,8,5,0.62
Utica Comets,21,C,Dustin Jeffrey,D. Jeffrey,27,7,17,5,7,48,0.26,0.63,0.19,0.26,1.78,16,11,0.59
Adirondack Flames,6,D,Dustin Stevenson,D. Stevenson,20,2,3,1,3,25,0.10,0.15,0.05,0.15,1.25,15,12,0.56
Hamilton Bulldogs,34,G,Dustin Tokarski,D. Tokarski,2,0,0,0,0,0,0.00,0.00,0.00,0.00,0.00,0,0,-
Syracuse Crunch,6,D,Dylan Blujus,D. Blujus,32,0,8,0,5,41,0.00,0.25,0.00,0.16,1.28,11,6,0.65
Worcester Sharks,2,D,Dylan DeMelo,D. DeMelo,32,2,7,1,4,44,0.06,0.22,0.03,0.13,1.38,24,30,0.44
Hartford Wolf Pack,8,D,Dylan McIlrath,D. McIlrath,32,0,5,0,4,35,0.00,0.16,0.00,0.13,1.09,18,24,0.43
Portland Pirates,2,D,Dylan Reese,D. Reese,34,5,14,3,6,67,0.15,0.41,0.09,0.18,1.97,19,16,0.54
Portland Pirates,21,RW,Dyson Stevenson,D. Stevenson,2,0,0,1,3,1,0.00,0.00,0.50,1.50,0.50,15,12,0.56
Norfolk Admirals,16,RW,Emerson Etem,E. Etem,7,4,1,0,1,27,0.57,0.14,0.00,0.14,3.86,0,2,0.00
Adirondack Flames,21,RW,Emile Poirier,E. Poirier,29,10,11,7,9,63,0.34,0.38,0.24,0.31,2.17,20,9,0.69
Worcester Sharks,7,RW,Eriah Hayes,E. Hayes,25,2,7,2,6,65,0.08,0.28,0.08,0.24,2.60,10,10,0.50
Albany Devils,36,D,Eric Baier,E. Baier,11,1,2,1,1,13,0.09,0.18,0.09,0.09,1.18,2,4,0.33
Wilkes-Barre/Scranton Penguins,31,G,Eric Hartzell,E. Hartzell,2,0,1,0,1,0,0.00,0.50,0.00,0.50,0.00,0,0,-
Toronto Marlies,45,D,Eric Knodel,E. Knodel,9,0,4,0,3,13,0.00,0.44,0.00,0.33,1.44,3,0,1.00
Syracuse Crunch,29,RW,Eric Neilson,E. Neilson,8,0,1,0,1,3,0.00,0.13,0.00,0.13,0.38,1,0,1.00
St. John's IceCaps,14,C,Eric O'Dell,E. O'Dell,32,12,10,9,4,94,0.38,0.31,0.28,0.13,2.94,13,20,0.39
Portland Pirates,25,LW,Eric Selleck,E. Selleck,36,4,5,3,4,29,0.11,0.14,0.08,0.11,0.81,10,10,0.50
Hamilton Bulldogs,25,LW,Eric Tangradi,E. Tangradi,18,2,6,0,4,58,0.11,0.33,0.00,0.22,3.22,7,8,0.47
Hershey Bears,32,D,Erik Burgdoerfer,E. Burgdoerfer,20,1,3,1,3,16,0.05,0.15,0.05,0.15,0.80,3,7,0.30
Providence Bruins,20,RW,Ethan Werek,E. Werek,27,4,6,2,4,48,0.15,0.22,0.07,0.15,1.78,7,9,0.44
Portland Pirates,27,D,Evan Oberg,E. Oberg,33,5,7,5,2,62,0.15,0.21,0.15,0.06,1.88,16,22,0.42
Worcester Sharks,13,C,Evan Trupp,E. Trupp,32,8,7,5,5,72,0.25,0.22,0.16,0.16,2.25,15,11,0.58
Milwaukee Admirals,16,C,Felix Girard,F. Girard,33,3,3,2,3,36,0.09,0.09,0.06,0.09,1.09,8,9,0.47
Portland Pirates,11,C,Francis Wathier,F. Wathier,28,0,4,0,3,37,0.00,0.14,0.00,0.11,1.32,4,10,0.29
Utica Comets,26,D,Frank Corrado,F. Corrado,21,4,4,3,3,50,0.19,0.19,0.14,0.14,2.38,12,12,0.50
Providence Bruins,29,D,Frankie Simonelli,F. Simonelli,24,2,4,1,4,21,0.08,0.17,0.04,0.17,0.88,10,8,0.56
Oklahoma City Barons,1,G,Frans Tuohimaa,F. Tuohimaa,3,0,1,0,0,0,0.00,0.33,0.00,0.00,0.00,0,0,-
Toronto Marlies,38,LW,Frazer McLaren,F. McLaren,4,0,0,0,0,3,0.00,0.00,0.00,0.00,0.75,1,1,0.50
Worcester Sharks,12,C,Freddie Hamilton,F. Hamilton,32,6,15,4,10,64,0.19,0.47,0.13,0.31,2.00,16,20,0.44
Springfield Falcons,32,D,Frederic St. Denis,F. St. Denis,25,2,7,0,4,59,0.08,0.28,0.00,0.16,2.36,16,9,0.64
Milwaukee Admirals,89,C,Frederick Gaudreau,F. Gaudreau,24,4,5,4,4,34,0.17,0.21,0.17,0.17,1.42,13,7,0.65
Binghamton Senators,3,D,Fredrik Claesson,F. Claesson,34,3,9,3,8,39,0.09,0.26,0.09,0.24,1.15,23,27,0.46
Lake Erie Monsters,47,D,Gabriel Beaupre,G. Beaupre,9,0,1,0,1,9,0.00,0.11,0.00,0.11,1.00,6,1,0.86
Charlotte Checkers,27,LW,Gabriel Desjardins,G. Desjardins,12,0,1,0,1,18,0.00,0.08,0.00,0.08,1.50,2,6,0.25
Hamilton Bulldogs,40,C,Gabriel Dumont,G. Dumont,32,7,11,5,8,89,0.22,0.34,0.16,0.25,2.78,18,20,0.47
Adirondack Flames,9,RW,Garnet Hathaway,G. Hathaway,37,8,6,4,3,56,0.22,0.16,0.11,0.08,1.51,9,10,0.47
Rockford IceHogs,26,LW,Garret Ross,G. Ross,30,12,9,10,7,70,0.40,0.30,0.33,0.23,2.33,26,9,0.74
Toronto Marlies,40,G,Garret Sparks,G. Sparks,2,0,1,0,0,0,0.00,0.50,0.00,0.00,0.00,0,0,-
Lake Erie Monsters,36,RW,Garrett Meurs,G. Meurs,3,0,0,0,0,3,0.00,0.00,0.00,0.00,1.00,0,0,-
Hershey Bears,36,RW,Garrett Mitchell,G. Mitchell,29,1,1,1,1,32,0.03,0.03,0.03,0.03,1.10,6,5,0.55
Milwaukee Admirals,37,D,Garrett Noonan,G. Noonan,24,4,4,3,3,29,0.17,0.17,0.13,0.13,1.21,11,9,0.55
Binghamton Senators,16,F,Garrett Thompson,G. Thompson,28,2,4,2,4,34,0.07,0.14,0.07,0.14,1.21,12,13,0.48
San Antonio Rampage,19,LW,Garrett Wilson,G. Wilson,35,13,9,8,6,104,0.37,0.26,0.23,0.17,2.97,20,17,0.54
Texas Stars,14,C,Gemel Smith,G. Smith,28,5,6,5,5,40,0.18,0.21,0.18,0.18,1.43,15,11,0.58
Chicago Wolves,49,F,Gergo Nagy,G. Nagy,6,0,2,0,0,6,0.00,0.33,0.00,0.00,1.00,3,1,0.75
Albany Devils,21,C,Graham Black,G. Black,28,7,5,3,3,56,0.25,0.18,0.11,0.11,2.00,13,8,0.62
Portland Pirates,16,LW,Greg Carey,G. Carey,23,1,4,1,4,39,0.04,0.17,0.04,0.17,1.70,6,7,0.46
Toronto Marlies,9,C,Greg McKegg,G. McKegg,23,7,8,3,5,58,0.30,0.35,0.13,0.22,2.52,11,12,0.48
Portland Pirates,7,C,Greg Miller,G. Miller,6,2,1,2,1,10,0.33,0.17,0.33,0.17,1.67,4,3,0.57
Charlotte Checkers,19,RW,Greg Nemisz,G. Nemisz,21,8,6,5,4,32,0.38,0.29,0.24,0.19,1.52,9,9,0.50
Hamilton Bulldogs,2,D,Greg Pateryn,G. Pateryn,35,2,9,1,6,40,0.06,0.26,0.03,0.17,1.14,21,20,0.51
Texas Stars,27,C,Greg Rallo,G. Rallo,31,9,5,4,3,94,0.29,0.16,0.13,0.10,3.03,11,20,0.35
San Antonio Rampage,5,D,Greg Zanon,G. Zanon,34,0,11,0,10,35,0.00,0.32,0.00,0.29,1.03,23,19,0.55
Worcester Sharks,8,RW,Greger Hanson,G. Hanson,9,1,3,1,3,15,0.11,0.33,0.11,0.33,1.67,3,1,0.75
Bridgeport Sound Tigers,8,D,Griffin Reinhart,G. Reinhart,21,3,8,3,2,26,0.14,0.38,0.14,0.10,1.24,8,11,0.42
Iowa Wild,2,D,Guillaume Gelinas,G. Gelinas,24,0,2,0,1,33,0.00,0.08,0.00,0.04,1.38,8,11,0.42
Worcester Sharks,3,D,Gus Young,G. Young,21,0,2,0,2,16,0.00,0.10,0.00,0.10,0.76,13,5,0.72
Iowa Wild,23,D,Gustav Olofsson,G. Olofsson,1,0,0,0,0,1,0.00,0.00,0.00,0.00,1.00,0,0,-
Wilkes-Barre/Scranton Penguins,2,D,Harrison Ruopp,H. Ruopp,1,0,0,0,0,1,0.00,0.00,0.00,0.00,1.00,1,1,0.50
Bridgeport Sound Tigers,16,LW,Harry Zolnierczyk,H. Zolnierczyk,34,12,17,4,7,78,0.35,0.50,0.12,0.21,2.29,11,6,0.65
Syracuse Crunch,57,LW,Henri Ikonen,H. Ikonen,35,2,5,1,5,39,0.06,0.14,0.03,0.14,1.11,11,10,0.52
Portland Pirates,19,RW,Henrik Samuelsson,H. Samuelsson,33,5,10,3,7,73,0.15,0.30,0.09,0.21,2.21,16,15,0.52
Hartford Wolf Pack,7,D,Henrik Tallinder,H. Tallinder,4,0,1,0,1,5,0.00,0.25,0.00,0.25,1.25,5,4,0.56
Utica Comets,7,D,Henrik Tommernes,H. Tommernes,23,3,8,1,5,43,0.13,0.35,0.04,0.22,1.87,13,14,0.48
Springfield Falcons,3,D,Hubert Labrie,H. Labrie,23,0,4,0,4,25,0.00,0.17,0.00,0.17,1.09,20,15,0.57
Utica Comets,9,LW,Hunter Shinkaruk,H. Shinkaruk,33,5,8,4,6,69,0.15,0.24,0.12,0.18,2.09,13,9,0.59
Milwaukee Admirals,15,D,Ian White,I. White,16,1,6,0,2,24,0.06,0.38,0.00,0.13,1.50,8,12,0.40
Norfolk Admirals,35,G,Igor Bobkov,I. Bobkov,6,0,0,0,0,0,0.00,0.00,0.00,0.00,0.00,0,0,-
Oklahoma City Barons,25,RW,Iiro Pakarinen,I. Pakarinen,29,11,8,7,7,81,0.38,0.28,0.24,0.24,2.79,21,9,0.70
Norfolk Admirals,30,G,Ilya Bryzgalov,I. Bryzgalov,2,0,0,0,0,0,0.00,0.00,0.00,0.00,0.00,0,0,-
Worcester Sharks,34,G,J.P. Anderson,J. Anderson,11,0,0,3,4,0,0.00,0.00,0.27,0.36,0.00,12,10,0.55
Hartford Wolf Pack,10,C,J.T. Miller,J. Miller,18,6,9,5,4,42,0.33,0.50,0.28,0.22,2.33,10,10,0.50
Texas Stars,1,G,Jack Campbell,J. Campbell,15,0,0,0,0,0,0.00,0.00,0.00,0.00,0.00,0,0,-
Hamilton Bulldogs,24,LW,Jack Nevins,J. Nevins,26,0,0,0,0,10,0.00,0.00,0.00,0.00,0.38,4,10,0.29
Hamilton Bulldogs,20,F,Jacob de la Rose,J. de la Rose,27,3,2,2,1,34,0.11,0.07,0.07,0.04,1.26,8,10,0.44
Utica Comets,33,G,Jacob Markstrom,J. Markstrom,13,0,0,0,0,0,0.00,0.00,0.00,0.00,0.00,0,0,-
Springfield Falcons,26,D,Jaime Sifers,J. Sifers,36,2,12,2,10,51,0.06,0.33,0.06,0.28,1.42,20,19,0.51
Chicago Wolves,42,D,Jake Chelios,J. Chelios,23,1,13,1,4,17,0.04,0.57,0.04,0.17,0.74,10,15,0.40
Syracuse Crunch,4,D,Jake Dotchin,J. Dotchin,21,1,8,0,8,17,0.05,0.38,0.00,0.38,0.81,11,8,0.58
Hamilton Bulldogs,18,F,Jake Dowell,J. Dowell,35,2,5,0,4,35,0.06,0.14,0.00,0.11,1.00,9,19,0.32
Rochester Americans,29,D,Jake McCabe,J. McCabe,31,2,8,1,4,37,0.06,0.26,0.03,0.13,1.19,21,26,0.45
Iowa Wild,11,D,Jake Parenteau,J. Parenteau,4,0,1,0,1,7,0.00,0.25,0.00,0.25,1.75,2,3,0.40
Binghamton Senators,41,C,Jakub Culek,J. Culek,2,0,0,0,0,4,0.00,0.00,0.00,0.00,2.00,0,1,0.00
Portland Pirates,43,D,James Melindy,J. Melindy,9,0,0,0,0,8,0.00,0.00,0.00,0.00,0.89,0,6,0.00
Worcester Sharks,40,C,James Sheppard,J. Sheppard,2,0,1,0,1,3,0.00,0.50,0.00,0.50,1.50,2,1,0.67
Toronto Marlies,24,LW,Jamie Devane,J. Devane,26,0,1,0,1,11,0.00,0.04,0.00,0.04,0.42,3,7,0.30
Manchester Monarchs,44,D,Jamie McBain,J. McBain,5,1,2,0,1,12,0.20,0.40,0.00,0.20,2.40,4,1,0.80
Texas Stars,6,D,Jamie Oleksiak,J. Oleksiak,4,0,3,0,3,8,0.00,0.75,0.00,0.75,2.00,4,4,0.50
Rockford IceHogs,20,F,Jamie Wise,J. Wise,7,1,0,1,0,8,0.14,0.00,0.14,0.00,1.14,1,2,0.33
Chicago Wolves,6,D,Jani Hakanpaa,J. Hakanpaa,25,1,2,1,2,23,0.04,0.08,0.04,0.08,0.92,14,11,0.56
Grand Rapids Griffins,31,G,Jared Coreau,J. Coreau,8,0,0,0,0,0,0.00,0.00,0.00,0.00,0.00,0,0,-
Providence Bruins,22,LW,Jared Knight,J. Knight,23,1,1,1,1,31,0.04,0.04,0.04,0.04,1.35,4,8,0.33
Norfolk Admirals,26,D,Jared Nightingale,J. Nightingale,24,0,2,0,2,17,0.00,0.08,0.00,0.08,0.71,11,12,0.48
Charlotte Checkers,22,RW,Jared Staal,J. Staal,28,6,2,6,2,48,0.21,0.07,0.21,0.07,1.71,7,17,0.29
Hamilton Bulldogs,5,D,Jarred Tinordi,J. Tinordi,24,0,3,0,2,26,0.00,0.13,0.00,0.08,1.08,12,13,0.48
Lehigh Valley Phantoms,38,RW,Jason Akeson,J. Akeson,16,8,6,2,4,43,0.50,0.38,0.13,0.25,2.69,7,10,0.41
Bridgeport Sound Tigers,19,LW,Jason Bast,J. Bast,2,0,0,0,0,2,0.00,0.00,0.00,0.00,1.00,1,0,1.00
Iowa Wild,3,LW,Jason Gregoire,J. Gregoire,15,5,0,5,0,28,0.33,0.00,0.33,0.00,1.87,7,6,0.54
St. John's IceCaps,15,LW,Jason Jaffray,J. Jaffray,12,5,5,3,4,16,0.42,0.42,0.25,0.33,1.33,8,4,0.67
Norfolk Admirals,1,G,Jason LaBarbera,J. LaBarbera,10,0,0,0,0,0,0.00,0.00,0.00,0.00,0.00,0,0,-
Hartford Wolf Pack,31,G,Jason Missiaen,J. Missiaen,5,0,0,0,0,0,0.00,0.00,0.00,0.00,0.00,0,0,-
Oklahoma City Barons,19,C,Jason Williams,J. Williams,32,13,18,6,10,77,0.41,0.56,0.19,0.31,2.41,23,23,0.50
Lehigh Valley Phantoms,37,LW,Jay Rosehill,J. Rosehill,28,1,2,1,2,23,0.04,0.07,0.04,0.07,0.82,3,8,0.27
Wilkes-Barre/Scranton Penguins,19,C,Jayson Megna,J. Megna,24,9,5,9,5,49,0.38,0.21,0.38,0.21,2.04,16,2,0.89
St. John's IceCaps,34,RW,JC Lipon,J. Lipon,36,1,10,1,7,67,0.03,0.28,0.03,0.19,1.86,9,23,0.28
Manchester Monarchs,35,G,Jean-Francois Berube,J. Berube,26,0,0,0,0,0,0.00,0.00,0.00,0.00,0.00,0,0,-
Binghamton Senators,44,C,Jean-Gabriel Pageau,J. Pageau,25,8,10,5,4,94,0.32,0.40,0.20,0.16,3.76,17,9,0.65
Syracuse Crunch,24,D,Jean-Philippe Cote,J. Cote,35,1,5,1,5,22,0.03,0.14,0.03,0.14,0.63,26,12,0.68
Wilkes-Barre/Scranton Penguins,9,C,Jean-Sebastien Dea,J. Dea,33,9,10,3,4,68,0.27,0.30,0.09,0.12,2.06,15,11,0.58
Syracuse Crunch,16,LW,Jeff Costello,J. Costello,2,0,0,0,0,0,0.00,0.00,0.00,0.00,0.00,0,0,-
Grand Rapids Griffins,10,LW,Jeff Hoggan,J. Hoggan,33,2,6,2,5,40,0.06,0.18,0.06,0.15,1.21,14,12,0.54
Hartford Wolf Pack,33,G,Jeff Malcolm,J. Malcolm,1,0,0,0,0,0,0.00,0.00,0.00,0.00,0.00,0,0,-
Manchester Monarchs,55,D,Jeff Schultz,J. Schultz,26,3,6,2,3,38,0.12,0.23,0.08,0.12,1.46,22,15,0.59
Wilkes-Barre/Scranton Penguins,37,G,Jeff Zatkoff,J. Zatkoff,20,0,0,0,0,0,0.00,0.00,0.00,0.00,0.00,0,0,-
Utica Comets,5,D,Jeremie Blain,J. Blain,7,0,0,0,0,6,0.00,0.00,0.00,0.00,0.86,2,4,0.33
Worcester Sharks,28,RW,Jeremy Langlois,J. Langlois,31,9,7,5,6,82,0.29,0.23,0.16,0.19,2.65,14,16,0.47
Rockford IceHogs,19,LW,Jeremy Morin,J. Morin,3,1,0,0,0,12,0.33,0.00,0.00,0.00,4.00,2,3,0.40
Providence Bruins,30,G,Jeremy Smith,J. Smith,18,0,1,0,0,0,0.00,0.06,0.00,0.00,0.00,0,0,-
Chicago Wolves,15,C,Jeremy Welsh,J. Welsh,35,9,10,5,7,66,0.26,0.29,0.14,0.20,1.89,19,17,0.53
Rochester Americans,34,D,Jerome Leduc,J. Leduc,36,2,2,1,1,49,0.06,0.06,0.03,0.03,1.36,12,19,0.39
Syracuse Crunch,11,RW,Jerome Samson,J. Samson,26,1,7,1,5,53,0.04,0.27,0.04,0.19,2.04,9,7,0.56
Rochester Americans,19,LW,Jerry D'Amigo,J. D'Amigo,37,4,4,3,3,47,0.11,0.11,0.08,0.08,1.27,12,11,0.52
Hartford Wolf Pack,27,RW,Jesper Fast,J. Fast,11,1,8,1,3,17,0.09,0.73,0.09,0.27,1.55,7,6,0.54
Lehigh Valley Phantoms,8,D,Jesper Pettersson,J. Pettersson,25,0,2,0,1,22,0.00,0.08,0.00,0.04,0.88,4,6,0.40
San Antonio Rampage,25,D,Jesse Blacker,J. Blacker,22,2,8,1,6,43,0.09,0.36,0.05,0.27,1.95,14,23,0.38
Bridgeport Sound Tigers,2,D,Jesse Graham,J. Graham,24,2,10,1,6,38,0.08,0.42,0.04,0.25,1.58,17,17,0.50
Texas Stars,21,C,Jesse Root,J. Root,19,2,5,2,5,34,0.11,0.26,0.11,0.26,1.79,9,9,0.50
Worcester Sharks,43,LW,Jimmy Bonneau,J. Bonneau,17,0,1,0,1,9,0.00,0.06,0.00,0.06,0.53,3,4,0.43
Milwaukee Admirals,47,D,Jimmy Oligny,J. Oligny,26,1,2,1,2,19,0.04,0.08,0.04,0.08,0.73,14,12,0.54
Utica Comets,30,G,Joacim Eriksson,J. Eriksson,21,0,0,0,0,0,0.00,0.00,0.00,0.00,0.00,0,0,-
Rockford IceHogs,23,C,Joakim Nordstrom,J. Nordstrom,17,8,5,4,2,36,0.47,0.29,0.24,0.12,2.12,9,8,0.53
San Antonio Rampage,27,F,Joe Basaraba,J. Basaraba,20,0,1,0,1,23,0.00,0.05,0.00,0.05,1.15,4,5,0.44
Utica Comets,35,G,Joe Cannata,J. Cannata,1,0,0,0,0,0,0.00,0.00,0.00,0.00,0.00,0,0,-
Albany Devils,32,D,Joe Faust,J. Faust,17,0,2,0,2,17,0.00,0.12,0.00,0.12,1.00,8,9,0.47
Hamilton Bulldogs,26,D,Joe Finley,J. Finley,32,0,3,0,2,23,0.00,0.09,0.00,0.06,0.72,14,19,0.42
Providence Bruins,7,D,Joe Morrow,J. Morrow,8,1,1,1,1,11,0.13,0.13,0.13,0.13,1.38,7,5,0.58
Milwaukee Admirals,22,C,Joe Pendenza,J. Pendenza,23,6,4,4,4,32,0.26,0.17,0.17,0.17,1.39,14,3,0.82
Milwaukee Admirals,7,D,Joe Piskula,J. Piskula,33,1,8,1,5,30,0.03,0.24,0.03,0.15,0.91,24,10,0.71
Chicago Wolves,14,D,Joe Sova,J. Sova,3,0,0,0,0,3,0.00,0.00,0.00,0.00,1.00,1,4,0.20
Albany Devils,9,LW,Joe Whitney,J. Whitney,32,13,19,8,9,85,0.41,0.59,0.25,0.28,2.66,24,15,0.62
Rochester Americans,33,RW,Joel Armia,J. Armia,23,8,10,3,7,64,0.35,0.43,0.13,0.30,2.78,12,8,0.60
Hershey Bears,19,C,Joel Broda,J. Broda,30,3,0,3,0,40,0.10,0.00,0.10,0.00,1.33,4,4,0.50
Grand Rapids Griffins,11,D,Joel Chouinard,J. Chouinard,1,0,0,0,0,2,0.00,0.00,0.00,0.00,2.00,0,0,-
Portland Pirates,23,D,Joel Hanley,J. Hanley,24,0,4,0,4,31,0.00,0.17,0.00,0.17,1.29,12,5,0.71
Iowa Wild,22,RW,Joel Rechlicz,J. Rechlicz,18,1,0,1,0,9,0.06,0.00,0.06,0.00,0.50,1,6,0.14
Syracuse Crunch,92,RW,Joel Vermin,J. Vermin,32,7,6,6,5,47,0.22,0.19,0.19,0.16,1.47,13,12,0.52
Hartford Wolf Pack,14,RW,Joey Crabb,J. Crabb,26,4,5,4,4,29,0.15,0.19,0.15,0.15,1.12,11,11,0.50
Lake Erie Monsters,38,C,Joey Hishon,J. Hishon,29,7,8,6,3,69,0.24,0.28,0.21,0.10,2.38,13,16,0.45
Hamilton Bulldogs,39,G,Joey MacDonald,J. MacDonald,15,0,0,0,0,0,0.00,0.00,0.00,0.00,0.00,0,0,-
Syracuse Crunch,3,D,Joey Mormina,J. Mormina,18,1,8,1,6,28,0.06,0.44,0.06,0.33,1.56,9,5,0.64
Milwaukee Admirals,55,D,Johan Alm,J. Alm,21,0,5,0,5,9,0.00,0.24,0.00,0.24,0.43,12,14,0.46
Iowa Wild,31,G,Johan Gustafsson,J. Gustafsson,21,0,0,0,0,0,0.00,0.00,0.00,0.00,0.00,0,0,-
Rochester Americans,26,LW,Johan Larsson,J. Larsson,27,8,15,6,6,67,0.30,0.56,0.22,0.22,2.48,14,10,0.58
Bridgeport Sound Tigers,28,C,Johan Sundstrom,J. Sundstrom,32,3,4,3,4,62,0.09,0.13,0.09,0.13,1.94,10,10,0.50
St. John's IceCaps,16,C,John Albert,J. Albert,37,10,15,8,12,78,0.27,0.41,0.22,0.32,2.11,24,20,0.55
Iowa Wild,33,G,John Curry,J. Curry,14,0,0,0,0,0,0.00,0.00,0.00,0.00,0.00,0,0,-
Norfolk Admirals,36,G,John Gibson,J. Gibson,6,0,1,0,0,0,0.00,0.17,0.00,0.00,0.00,0,0,-
Texas Stars,4,D,John Klingberg,J. Klingberg,10,4,8,3,4,22,0.40,0.80,0.30,0.40,2.20,10,5,0.67
Norfolk Admirals,12,LW,John Kurtz,J. Kurtz,32,2,2,1,2,35,0.06,0.06,0.03,0.06,1.09,7,12,0.37
Chicago Wolves,17,LW,John McCarthy,J. McCarthy,23,4,3,4,3,34,0.17,0.13,0.17,0.13,1.48,9,10,0.47
San Antonio Rampage,18,RW,John McFarland,J. McFarland,9,2,2,1,2,12,0.22,0.22,0.11,0.22,1.33,4,2,0.67
Charlotte Checkers,30,G,John Muse,J. Muse,13,0,0,0,0,0,0.00,0.00,0.00,0.00,0.00,0,0,-
Utica Comets,11,D,John Negrin,J. Negrin,14,0,1,0,1,10,0.00,0.07,0.00,0.07,0.71,4,2,0.67
Bridgeport Sound Tigers,23,LW,John Persson,J. Persson,22,2,5,2,4,39,0.09,0.23,0.09,0.18,1.77,7,7,0.50
Adirondack Flames,7,D,John Ramage,J. Ramage,23,0,7,0,3,35,0.00,0.30,0.00,0.13,1.52,9,9,0.50
Hershey Bears,4,D,Jon  Landry,J.  Landry,31,1,3,0,0,32,0.03,0.10,0.00,0.00,1.03,0,0,-
Milwaukee Admirals,3,D,Jonathan Diaby,J. Diaby,21,0,0,0,0,6,0.00,0.00,0.00,0.00,0.29,5,5,0.50
Syracuse Crunch,27,LW,Jonathan Drouin,J. Drouin,2,1,2,1,2,9,0.50,1.00,0.50,1.00,4.50,5,1,0.83
Syracuse Crunch,18,RW,Jonathan Marchessault,J. Marchessault,34,9,22,4,11,123,0.26,0.65,0.12,0.32,3.62,25,16,0.61
San Antonio Rampage,6,D,Jonathan Racine,J. Racine,33,0,0,0,0,25,0.00,0.00,0.00,0.00,0.76,13,10,0.57
Iowa Wild,7,D,Jonathon Blum,J. Blum,29,4,12,1,7,43,0.14,0.41,0.03,0.24,1.48,14,25,0.36
Adirondack Flames,31,G,Joni Ortio,J. Ortio,27,0,0,0,0,0,0.00,0.00,0.00,0.00,0.00,0,0,-
Chicago Wolves,30,G,Jordan Binnington,J. Binnington,16,0,0,0,0,0,0.00,0.00,0.00,0.00,0.00,0,0,-
Providence Bruins,27,F,Jordan Caron,J. Caron,23,9,10,6,8,54,0.39,0.43,0.26,0.35,2.35,18,12,0.60
St. John's IceCaps,29,D,Jordan Hill,J. Hill,21,0,1,0,1,16,0.00,0.05,0.00,0.05,0.76,7,15,0.32
Portland Pirates,17,C,Jordan Martinook,J. Martinook,32,8,12,4,8,82,0.25,0.38,0.13,0.25,2.56,15,16,0.48
Oklahoma City Barons,15,D,Jordan Oesterle,J. Oesterle,35,5,12,4,7,53,0.14,0.34,0.11,0.20,1.51,18,22,0.45
Rochester Americans,18,LW,Jordan Samuels-Thomas,J. Samuels-Thomas,29,3,3,2,2,36,0.10,0.10,0.07,0.07,1.24,6,15,0.29
Iowa Wild,10,C,Jordan Schroeder,J. Schroeder,28,10,14,7,7,72,0.36,0.50,0.25,0.25,2.57,15,19,0.44
Portland Pirates,10,RW,Jordan Szwarz,J. Szwarz,14,3,2,2,1,30,0.21,0.14,0.14,0.07,2.14,4,6,0.40
Manchester Monarchs,19,C,Jordan Weal,J. Weal,36,11,22,5,14,80,0.31,0.61,0.14,0.39,2.22,24,17,0.59
Portland Pirates,3,D,Jordon Southorn,J. Southorn,12,1,3,0,2,24,0.08,0.25,0.00,0.17,2.00,5,3,0.63
Norfolk Admirals,19,C,Joseph Cramarossa,J. Cramarossa,26,4,3,3,3,29,0.15,0.12,0.12,0.12,1.12,8,11,0.42
Springfield Falcons,8,RW,Josh Anderson,J. Anderson,33,4,6,3,4,54,0.12,0.18,0.09,0.12,1.64,12,10,0.55
Wilkes-Barre/Scranton Penguins,15,RW,Josh Archibald,J. Archibald,26,2,3,1,2,44,0.08,0.12,0.04,0.08,1.69,9,9,0.50
Manchester Monarchs,13,LW,Josh Gratton,J. Gratton,22,2,2,2,2,16,0.09,0.09,0.09,0.09,0.73,5,4,0.56
Iowa Wild,37,G,Josh Harding,J. Harding,2,0,0,0,0,0,0.00,0.00,0.00,0.00,0.00,0,0,-
Adirondack Flames,17,RW,Josh Jooris,J. Jooris,2,0,0,0,0,6,0.00,0.00,0.00,0.00,3.00,0,0,-
Toronto Marlies,14,RW,Josh Leivo,J. Leivo,15,3,7,2,6,35,0.20,0.47,0.13,0.40,2.33,9,4,0.69
Norfolk Admirals,3,D,Josh Manson,J. Manson,11,0,2,0,1,14,0.00,0.18,0.00,0.09,1.27,4,6,0.40
San Antonio Rampage,4,D,Josh McFadden,J. McFadden,2,0,1,0,1,2,0.00,0.50,0.00,0.50,1.00,1,0,1.00
Hartford Wolf Pack,49,RW,Josh Nicholls,J. Nicholls,5,0,1,0,1,3,0.00,0.20,0.00,0.20,0.60,1,1,0.50
Oklahoma City Barons,37,LW,Joshua Winquist,J. Winquist,12,2,3,2,3,10,0.17,0.25,0.17,0.25,0.83,7,3,0.70
Oklahoma City Barons,7,C,Jujhar Khaira,J. Khaira,30,1,2,1,2,39,0.03,0.07,0.03,0.07,1.30,9,14,0.39
St. John's IceCaps,44,D,Julian Melchiori,J. Melchiori,37,0,3,0,3,29,0.00,0.08,0.00,0.08,0.78,14,20,0.41
St. John's IceCaps,49,D,Julien Brouillette,J. Brouillette,11,2,2,2,1,25,0.18,0.18,0.18,0.09,2.27,8,3,0.73
Texas Stars,7,D,Julius Honka,J. Honka,29,2,7,1,6,54,0.07,0.24,0.03,0.21,1.86,17,21,0.45
St. John's IceCaps,31,G,Jussi Olkinuora,J. Olkinuora,1,0,0,0,0,0,0.00,0.00,0.00,0.00,0.00,0,0,-
Texas Stars,40,G,Jussi Rynnas,J. Rynnas,17,0,0,0,0,0,0.00,0.00,0.00,0.00,0.00,0,0,-
Manchester Monarchs,39,RW,Justin Auger,J. Auger,34,6,10,6,8,53,0.18,0.29,0.18,0.24,1.56,19,10,0.66
Bridgeport Sound Tigers,14,LW,Justin Courtnall,J. Courtnall,21,2,3,1,3,22,0.10,0.14,0.05,0.14,1.05,6,5,0.55
Texas Stars,10,C,Justin Dowling,J. Dowling,26,8,10,7,6,60,0.31,0.38,0.27,0.23,2.31,17,14,0.55
Iowa Wild,44,D,Justin Falk,J. Falk,21,1,3,1,2,29,0.05,0.14,0.05,0.10,1.38,10,16,0.38
Providence Bruins,18,LW,Justin Florek,J. Florek,35,6,8,3,4,89,0.17,0.23,0.09,0.11,2.54,12,15,0.44
Portland Pirates,28,D,Justin Hache,J. Hache,30,0,4,0,3,21,0.00,0.13,0.00,0.10,0.70,14,19,0.42
Portland Pirates,12,C,Justin Hodgman,J. Hodgman,27,6,11,4,8,40,0.22,0.41,0.15,0.30,1.48,12,12,0.50
Rochester Americans,14,C,Justin Kea,J. Kea,2,0,0,0,0,2,0.00,0.00,0.00,0.00,1.00,1,1,0.50
Charlotte Checkers,14,RW,Justin Shugg,J. Shugg,24,12,5,8,5,59,0.50,0.21,0.33,0.21,2.46,13,14,0.48
Hartford Wolf Pack,23,LW,Justin Vaive,J. Vaive,26,8,6,4,4,46,0.31,0.23,0.15,0.15,1.77,11,14,0.44
Texas Stars,3,D,Jyrki Jokipakka,J. Jokipakka,11,2,0,1,0,13,0.18,0.00,0.09,0.00,1.18,5,7,0.42
Bridgeport Sound Tigers,21,C,Kael Mouillierat,K. Mouillierat,34,9,19,7,9,75,0.26,0.56,0.21,0.26,2.21,23,21,0.52
Oklahoma City Barons,22,LW,Kale Kessy,K. Kessy,17,3,3,2,3,19,0.18,0.18,0.12,0.18,1.12,7,14,0.33
Utica Comets,4,D,Kane Lafranchise,K. Lafranchise,18,2,7,2,5,25,0.11,0.39,0.11,0.28,1.39,13,8,0.62
Lake Erie Monsters,3,D,Karl Stollery,K. Stollery,28,4,5,4,4,38,0.14,0.18,0.14,0.14,1.36,13,18,0.42
St. John's IceCaps,4,D,Keaton Ellerby,K. Ellerby,18,0,6,0,6,25,0.00,0.33,0.00,0.33,1.39,12,16,0.43
Charlotte Checkers,4,D,Keegan Lowe,K. Lowe,30,1,4,1,3,29,0.03,0.13,0.03,0.10,0.97,11,22,0.33
Oklahoma City Barons,5,D,Keith Aulie,K. Aulie,8,0,1,0,1,11,0.00,0.13,0.00,0.13,1.38,4,10,0.29
Albany Devils,1,G,Keith Kinkaid,K. Kinkaid,13,0,0,0,0,0,0.00,0.00,0.00,0.00,0.00,0,0,-
Oklahoma City Barons,23,C,Kellan Lain,K. Lain,12,0,1,0,1,19,0.00,0.08,0.00,0.08,1.58,2,2,0.50
Oklahoma City Barons,36,LW,Kellen Jones,K. Jones,8,2,2,2,2,9,0.25,0.25,0.25,0.25,1.13,4,6,0.40
Albany Devils,11,C,Kelly Zajac,K. Zajac,5,0,2,0,0,2,0.00,0.40,0.00,0.00,0.40,0,1,0.00
Adirondack Flames,15,LW,Ken Agostino,K. Agostino,30,4,8,3,7,58,0.13,0.27,0.10,0.23,1.93,14,12,0.54
Lake Erie Monsters,17,RW,Kenny Ryan,K. Ryan,32,6,7,4,7,47,0.19,0.22,0.13,0.22,1.47,19,17,0.53
Utica Comets,29,D,Kent Huskins,K. Huskins,10,0,0,0,0,5,0.00,0.00,0.00,0.00,0.50,0,4,0.00
Springfield Falcons,15,LW,Kerby Rychel,K. Rychel,31,7,11,3,7,89,0.23,0.35,0.10,0.23,2.87,15,13,0.54
Bridgeport Sound Tigers,24,D,Kevin Czuczman,K. Czuczman,31,1,4,1,2,53,0.03,0.13,0.03,0.06,1.71,16,13,0.55
Norfolk Admirals,5,D,Kevin Gagne,K. Gagne,29,0,3,0,3,40,0.00,0.10,0.00,0.10,1.38,8,19,0.30
Lehigh Valley Phantoms,17,F,Kevin Goumas,K. Goumas,29,1,2,1,2,33,0.03,0.07,0.03,0.07,1.14,4,9,0.31
Manchester Monarchs,4,D,Kevin Gravel,K. Gravel,25,4,5,2,3,23,0.16,0.20,0.08,0.12,0.92,16,5,0.76
Texas Stars,8,LW,Kevin Henderson,K. Henderson,25,0,4,0,4,28,0.00,0.16,0.00,0.16,1.12,6,9,0.40
Syracuse Crunch,12,C,Kevin Lynch,K. Lynch,15,1,0,1,0,9,0.07,0.00,0.07,0.00,0.60,3,4,0.43
Toronto Marlies,26,D,Kevin Marshall,K. Marshall,19,0,0,0,0,17,0.00,0.00,0.00,0.00,0.89,8,12,0.40
Grand Rapids Griffins,12,LW,Kevin Porter,K. Porter,33,5,11,4,8,63,0.15,0.33,0.12,0.24,1.91,16,16,0.50
Bridgeport Sound Tigers,60,G,Kevin Poulin,K. Poulin,22,0,1,0,0,0,0.00,0.05,0.00,0.00,0.00,0,0,-
Manchester Monarchs,33,D,Kevin Raine,K. Raine,26,1,1,1,1,20,0.04,0.04,0.04,0.04,0.77,12,7,0.63
Rochester Americans,92,C,Kevin Sundher,K. Sundher,15,0,1,0,1,13,0.00,0.07,0.00,0.07,0.87,3,6,0.33
Rockford IceHogs,10,D,Klas Dahlbeck,K. Dahlbeck,30,3,4,2,4,51,0.10,0.13,0.07,0.13,1.70,15,13,0.54
Worcester Sharks,10,D,Konrad Abeltshauser,K. Abeltshauser,32,2,10,0,7,52,0.06,0.31,0.00,0.22,1.63,21,15,0.58
Toronto Marlies,5,D,Korbinian Holzer,K. Holzer,9,0,2,0,1,16,0.00,0.22,0.00,0.11,1.78,3,5,0.38
St. John's IceCaps,7,D,Kris Fredheim,K. Fredheim,30,2,5,1,2,36,0.07,0.17,0.03,0.07,1.20,13,18,0.42
Hershey Bears,11,C,Kris Newbury,K. Newbury,28,11,14,9,7,72,0.39,0.50,0.32,0.25,2.57,15,13,0.54
Syracuse Crunch,50,G,Kristers Gudlevskis,K. Gudlevskis,18,0,0,0,0,0,0.00,0.00,0.00,0.00,0.00,0,0,-
Iowa Wild,39,F,Kurtis Gabriel,K. Gabriel,26,2,1,1,1,22,0.08,0.04,0.04,0.04,0.85,3,15,0.17
Grand Rapids Griffins,20,F,Kyle Bonis,K. Bonis,2,0,0,0,0,0,0.00,0.00,0.00,0.00,0.00,0,0,-
Rockford IceHogs,15,D,Kyle Cumiskey,K. Cumiskey,30,1,10,0,7,35,0.03,0.33,0.00,0.23,1.17,17,15,0.53
Charlotte Checkers,18,LW,Kyle Hagel,K. Hagel,34,0,2,0,2,23,0.00,0.06,0.00,0.06,0.68,7,14,0.33
Charlotte Checkers,33,LW,Kyle Jean,K. Jean,8,0,2,0,2,8,0.00,0.25,0.00,0.25,1.00,4,4,0.50
St. John's IceCaps,19,C,Kyle MacKinnon,K. MacKinnon,26,2,7,2,7,36,0.08,0.27,0.08,0.27,1.38,12,9,0.57
Norfolk Admirals,23,RW,Kyle Palmieri,K. Palmieri,2,0,0,0,0,12,0.00,0.00,0.00,0.00,6.00,0,1,0.00
Grand Rapids Griffins,29,RW,Landon Ferraro,L. Ferraro,33,13,4,9,3,109,0.39,0.12,0.27,0.09,3.30,17,17,0.50
Oklahoma City Barons,31,G,Laurent Brossoit,L. Brossoit,19,0,0,0,0,0,0.00,0.00,0.00,0.00,0.00,0,0,-
Hershey Bears,20,C,Liam O'Brien,L. O'Brien,10,0,0,0,0,10,0.00,0.00,0.00,0.00,1.00,1,1,0.50
San Antonio Rampage,22,RW,Logan Shaw,L. Shaw,35,9,5,5,5,61,0.26,0.14,0.14,0.14,1.74,14,12,0.54
Portland Pirates,37,G,Louis Domingue,L. Domingue,7,0,0,0,0,0,0.00,0.00,0.00,0.00,0.00,0,0,-
Norfolk Admirals,20,RW,Louis Leblanc,L. Leblanc,34,11,5,6,3,86,0.32,0.15,0.18,0.09,2.53,12,19,0.39
Grand Rapids Griffins,22,C,Louis-Marc Aubry,L. Aubry,27,3,3,3,3,27,0.11,0.11,0.11,0.11,1.00,7,4,0.64
Portland Pirates,38,LW,Lucas Lessio,L. Lessio,26,9,7,5,5,80,0.35,0.27,0.19,0.19,3.08,12,12,0.50
Texas Stars,35,F,Ludwig Karlsson,L. Karlsson,2,0,0,0,0,2,0.00,0.00,0.00,0.00,1.00,0,0,-
Springfield Falcons,22,C,Lukas Sedlak,L. Sedlak,35,5,9,3,8,53,0.14,0.26,0.09,0.23,1.51,16,13,0.55
Springfield Falcons,19,LW,Luke Adam,L. Adam,35,12,16,9,8,86,0.34,0.46,0.26,0.23,2.46,20,26,0.43
Oklahoma City Barons,20,LW,Luke Gazdic,L. Gazdic,5,2,0,2,0,6,0.40,0.00,0.40,0.00,1.20,1,2,0.33
Syracuse Crunch,82,D,Luke Witkowski,L. Witkowski,34,1,3,1,2,32,0.03,0.09,0.03,0.06,0.94,14,17,0.45
Hamilton Bulldogs,9,D,Mac Bennett,M. Bennett,28,4,4,2,3,28,0.14,0.14,0.07,0.11,1.00,15,15,0.50
Rockford IceHogs,35,G,Mac Carruth,M. Carruth,2,0,0,0,0,0,0.00,0.00,0.00,0.00,0.00,0,0,-
Hartford Wolf Pack,70,G,Mackenzie Skapski,M. Skapski,19,0,0,0,0,0,0.00,0.00,0.00,0.00,0.00,0,0,-
San Antonio Rampage,2,D,Mackenzie Weegar,M. Weegar,19,1,4,1,2,27,0.05,0.21,0.05,0.11,1.42,8,6,0.57
Milwaukee Admirals,45,G,Magnus Hellberg,M. Hellberg,15,0,1,0,1,0,0.00,0.07,0.00,0.07,0.00,0,0,-
Hamilton Bulldogs,32,D,Magnus Nygren,M. Nygren,15,4,6,3,6,38,0.27,0.40,0.20,0.40,2.53,15,12,0.56
Chicago Wolves,23,LW,Magnus Paajarvi,M. Paajarvi,3,0,0,0,0,7,0.00,0.00,0.00,0.00,2.33,1,0,1.00
Providence Bruins,47,G,Malcolm Subban,M. Subban,17,0,0,0,0,0,0.00,0.00,0.00,0.00,0.00,0,0,-
Norfolk Admirals,29,D,Marc Cantin,M. Cantin,16,0,2,0,2,27,0.00,0.13,0.00,0.13,1.69,6,11,0.35
Iowa Wild,29,RW,Marc Hagel,M. Hagel,25,6,9,5,8,51,0.24,0.36,0.20,0.32,2.04,18,16,0.53
Binghamton Senators,5,D,Marc Methot,M. Methot,1,0,0,0,0,1,0.00,0.00,0.00,0.00,1.00,0,2,0.00
Hartford Wolf Pack,15,LW,Marek Hrivik,M. Hrivik,34,2,9,1,7,32,0.06,0.26,0.03,0.21,0.94,13,13,0.50
Milwaukee Admirals,31,G,Marek Mazanec,M. Mazanec,21,0,2,0,2,0,0.00,0.10,0.00,0.10,0.00,0,0,-
Grand Rapids Griffins,13,LW,Marek Tvrdon,M. Tvrdon,8,1,6,1,5,10,0.13,0.75,0.13,0.63,1.25,6,0,1.00
Lehigh Valley Phantoms,2,D,Mark Alt,M. Alt,19,1,4,1,3,29,0.05,0.21,0.05,0.16,1.53,11,15,0.42
Adirondack Flames,14,D,Mark Cundari,M. Cundari,24,2,9,1,1,35,0.08,0.38,0.04,0.04,1.46,12,13,0.48
Albany Devils,6,D,Mark Fraser,M. Fraser,18,1,2,1,2,19,0.06,0.11,0.06,0.11,1.06,9,7,0.56
Portland Pirates,33,D,Mark Louis,M. Louis,24,0,1,0,1,20,0.00,0.04,0.00,0.04,0.83,7,8,0.47
San Antonio Rampage,26,RW,Mark Mancari,M. Mancari,35,6,20,5,12,89,0.17,0.57,0.14,0.34,2.54,20,16,0.56
Rockford IceHogs,28,C,Mark McNeill,M. McNeill,23,11,11,6,9,47,0.48,0.48,0.26,0.39,2.04,16,9,0.64
Bridgeport Sound Tigers,5,D,Mark Nemec,M. Nemec,2,0,1,0,1,1,0.00,0.50,0.00,0.50,0.50,1,0,1.00
Rochester Americans,3,D,Mark Pysyk,M. Pysyk,33,1,12,1,7,50,0.03,0.36,0.03,0.21,1.52,16,18,0.47
Milwaukee Admirals,29,C,Mark Van Guilder,M. Van Guilder,33,4,7,4,6,43,0.12,0.21,0.12,0.18,1.30,16,11,0.59
Grand Rapids Griffins,9,C,Mark Zengerle,M. Zengerle,29,3,7,2,5,18,0.10,0.24,0.07,0.17,0.62,14,9,0.61
Springfield Falcons,10,C,Marko Dano,M. Dano,24,7,5,6,2,55,0.29,0.21,0.25,0.08,2.29,9,7,0.56
Adirondack Flames,26,C,Markus Granlund,M. Granlund,8,3,2,1,1,18,0.38,0.25,0.13,0.13,2.25,4,2,0.67
Lake Erie Monsters,11,D,Markus Lauridsen,M. Lauridsen,26,4,5,3,5,25,0.15,0.19,0.12,0.19,0.96,20,19,0.51
Grand Rapids Griffins,27,RW,Martin Frk,M. Frk,7,1,0,1,0,7,0.14,0.00,0.14,0.00,1.00,3,6,0.33
Oklahoma City Barons,40,D,Martin Gernat,M. Gernat,28,0,3,0,3,29,0.00,0.11,0.00,0.11,1.04,17,15,0.53
Oklahoma City Barons,28,D,Martin Marincin,M. Marincin,17,0,3,0,3,28,0.00,0.18,0.00,0.18,1.65,9,13,0.41
Lehigh Valley Phantoms,33,G,Martin Ouellette,M. Ouellette,3,0,0,0,0,0,0.00,0.00,0.00,0.00,0.00,0,0,-
Hartford Wolf Pack,2,D,Mat Bodie,M. Bodie,34,3,12,3,8,46,0.09,0.35,0.09,0.24,1.35,18,21,0.46
Norfolk Admirals,2,D,Mat Clark,M. Clark,24,1,5,1,4,18,0.04,0.21,0.04,0.17,0.75,13,16,0.45
Texas Stars,28,RW,Matej Stransky,M. Stransky,33,3,5,3,5,62,0.09,0.15,0.09,0.15,1.88,13,15,0.46
Rockford IceHogs,5,D,Mathieu Brisebois,M. Brisebois,1,0,0,0,0,0,0.00,0.00,0.00,0.00,0.00,0,2,0.00
Chicago Wolves,5,D,Mathieu Brodeur,M. Brodeur,35,4,7,4,6,48,0.11,0.20,0.11,0.17,1.37,20,12,0.63
Springfield Falcons,25,LW,Mathieu Gagnon,M. Gagnon,10,1,0,1,0,5,0.10,0.00,0.10,0.00,0.50,2,0,1.00
Adirondack Flames,16,C,Mathieu Tousignant,M. Tousignant,36,3,8,2,6,56,0.08,0.22,0.06,0.17,1.56,10,18,0.36
Wilkes-Barre/Scranton Penguins,16,C,Matia Marcantuoni,M. Marcantuoni,22,2,3,2,3,17,0.09,0.14,0.09,0.14,0.77,7,7,0.50
Norfolk Admirals,10,RW,Matt Bailey,M. Bailey,28,3,3,3,2,32,0.11,0.11,0.11,0.07,1.14,6,12,0.33
Rockford IceHogs,27,LW,Matt Carey,M. Carey,34,6,7,5,4,69,0.18,0.21,0.15,0.12,2.03,11,14,0.44
Chicago Wolves,33,G,Matt Climie,M. Climie,20,0,1,0,1,0,0.00,0.05,0.00,0.05,0.00,0,0,-
Iowa Wild,55,D,Matt Dumba,M. Dumba,14,3,8,3,5,27,0.21,0.57,0.21,0.36,1.93,13,11,0.54
Rochester Americans,37,LW,Matt Ellis,M. Ellis,36,7,6,4,5,62,0.19,0.17,0.11,0.14,1.72,12,19,0.39
Toronto Marlies,7,D,Matt Finn,M. Finn,14,0,1,0,0,17,0.00,0.07,0.00,0.00,1.21,5,6,0.45
Toronto Marlies,39,RW,Matt Frattin,M. Frattin,20,9,3,5,0,44,0.45,0.15,0.25,0.00,2.20,12,15,0.44
Lehigh Valley Phantoms,18,F,Matt Hatch,M. Hatch,2,0,0,0,0,6,0.00,0.00,0.00,0.00,3.00,0,0,-
Portland Pirates,15,LW,Matt Kassian,M. Kassian,2,0,0,0,0,1,0.00,0.00,0.00,0.00,0.50,0,1,0.00
Providence Bruins,9,LW,Matt Lindblad,M. Lindblad,32,7,8,4,5,52,0.22,0.25,0.13,0.16,1.63,15,8,0.65
Rochester Americans,47,D,Matt MacKenzie,M. MacKenzie,22,1,3,1,3,19,0.05,0.14,0.05,0.14,0.86,11,10,0.52
Texas Stars,26,D,Matt Mangene,M. Mangene,8,0,5,0,4,15,0.00,0.63,0.00,0.50,1.88,10,3,0.77
Wilkes-Barre/Scranton Penguins,30,G,Matt Murray,M. Murray,16,0,0,0,0,0,0.00,0.00,0.00,0.00,0.00,0,0,-
Rochester Americans,16,D,Matt Pelech,M. Pelech,8,0,0,0,0,9,0.00,0.00,0.00,0.00,1.13,0,3,0.00
Binghamton Senators,9,LW,Matt Puempel,M. Puempel,34,8,15,4,7,102,0.24,0.44,0.12,0.21,3.00,15,23,0.39
Worcester Sharks,20,D,Matt Taormina,M. Taormina,33,4,13,2,5,58,0.12,0.39,0.06,0.15,1.76,15,20,0.43
Worcester Sharks,5,D,Matt Tennyson,M. Tennyson,19,3,3,1,2,38,0.16,0.16,0.05,0.11,2.00,8,9,0.47
Syracuse Crunch,13,D,Matthew Corrente,M. Corrente,30,1,0,1,0,24,0.03,0.00,0.03,0.00,0.80,12,11,0.52
Oklahoma City Barons,11,RW,Matthew Ford,M. Ford,32,11,12,7,6,79,0.34,0.38,0.22,0.19,2.47,16,18,0.47
Norfolk Admirals,32,RW,Matthew Pistilli,M. Pistilli,10,1,2,0,1,19,0.10,0.20,0.00,0.10,1.90,2,8,0.20
Chicago Wolves,2,D,Matthew Register,M. Register,6,0,4,0,1,2,0.00,0.67,0.00,0.17,0.33,4,5,0.44
Grand Rapids Griffins,5,D,Mattias Backman,M. Backman,18,0,4,0,2,22,0.00,0.22,0.00,0.11,1.22,7,10,0.41
Norfolk Admirals,14,LW,Max Friberg,M. Friberg,17,6,7,3,2,56,0.35,0.41,0.18,0.12,3.29,6,5,0.55
Binghamton Senators,17,LW,Max McCormick,M. McCormick,26,5,4,4,3,51,0.19,0.15,0.15,0.12,1.96,13,12,0.52
Adirondack Flames,25,C,Max Reinhart,M. Reinhart,31,5,5,4,1,91,0.16,0.16,0.13,0.03,2.94,12,10,0.55
Manchester Monarchs,48,LW,Maxim Kitsyn,M. Kitsyn,1,1,0,1,0,3,1.00,0.00,1.00,0.00,3.00,1,0,1.00
Lehigh Valley Phantoms,20,D,Maxim Lamarche,M. Lamarche,3,0,1,0,1,1,0.00,0.33,0.00,0.33,0.33,2,3,0.40
Lake Erie Monsters,26,D,Maxim Noreau,M. Noreau,33,7,15,4,9,74,0.21,0.45,0.12,0.27,2.24,23,23,0.50
Albany Devils,41,G,Maxime Clermont,M. Clermont,1,0,0,0,0,0,0.00,0.00,0.00,0.00,0.00,0,0,-
Texas Stars,18,D,Maxime Fortunus,M. Fortunus,34,4,11,1,6,70,0.12,0.32,0.03,0.18,2.06,23,23,0.50
Texas Stars,33,G,Maxime Lagace,M. Lagace,1,0,0,0,0,0,0.00,0.00,0.00,0.00,0.00,0,0,-
Hamilton Bulldogs,12,C,Maxime Macenauer,M. Macenauer,27,4,2,4,2,33,0.15,0.07,0.15,0.07,1.22,8,7,0.53
Worcester Sharks,15,C,Melker Karlsson,M. Karlsson,20,5,5,2,5,49,0.25,0.25,0.10,0.25,2.45,10,11,0.48
Hamilton Bulldogs,28,C,Michael Bournival,M. Bournival,7,3,5,2,5,20,0.43,0.71,0.29,0.71,2.86,8,3,0.73
Springfield Falcons,16,C,Michael Chaput,M. Chaput,5,1,4,1,2,9,0.20,0.80,0.20,0.40,1.80,3,1,0.75
Adirondack Flames,19,LW,Michael Ferland,M. Ferland,20,4,8,4,6,56,0.20,0.40,0.20,0.30,2.80,14,7,0.67
San Antonio Rampage,29,G,Michael Houser,M. Houser,13,0,1,0,0,0,0.00,0.08,0.00,0.00,0.00,0,0,-
Hartford Wolf Pack,11,RW,Michael Kantor,M. Kantor,1,0,0,0,0,0,0.00,0.00,0.00,0.00,0.00,0,0,-
Iowa Wild,36,F,Michael Keranen,M. Keranen,34,5,20,3,12,79,0.15,0.59,0.09,0.35,2.32,15,15,0.50
Hartford Wolf Pack,28,D,Michael Kostka,M. Kostka,22,3,9,2,6,37,0.14,0.41,0.09,0.27,1.68,15,9,0.63
Rockford IceHogs,49,G,Michael Leighton,M. Leighton,19,0,0,0,0,0,0.00,0.00,0.00,0.00,0.00,0,0,-
Milwaukee Admirals,17,LW,Michael Liambas,M. Liambas,21,4,1,3,1,17,0.19,0.05,0.14,0.05,0.81,6,4,0.60
Manchester Monarchs,27,LW,Michael Mersch,M. Mersch,36,5,7,4,5,90,0.14,0.19,0.11,0.14,2.50,13,13,0.50
Lake Erie Monsters,24,LW,Michael Schumacher,M. Schumacher,33,4,11,3,7,57,0.12,0.33,0.09,0.21,1.73,12,25,0.32
Binghamton Senators,4,D,Michael Sdao,M. Sdao,20,1,1,1,1,13,0.05,0.05,0.05,0.05,0.65,11,10,0.52
Hershey Bears,37,D,Michal Cajkovsky,M. Cajkovsky,7,0,1,0,0,11,0.00,0.14,0.00,0.00,1.57,2,1,0.67
Charlotte Checkers,29,D,Michal Jordan,M. Jordan,15,2,5,1,2,24,0.13,0.33,0.07,0.13,1.60,6,11,0.35
Worcester Sharks,18,LW,Micheal Haley,M. Haley,27,10,3,7,2,33,0.37,0.11,0.26,0.07,1.22,10,20,0.33
Milwaukee Admirals,20,LW,Miikka Salomaki,M. Salomaki,29,5,11,3,8,72,0.17,0.38,0.10,0.28,2.48,17,5,0.77
Charlotte Checkers,16,C,Mike Aviani,M. Aviani,2,0,0,0,0,1,0.00,0.00,0.00,0.00,0.50,1,1,0.50
Hamilton Bulldogs,1,G,Mike Condon,M. Condon,18,0,0,0,0,0,0.00,0.00,0.00,0.00,0.00,0,0,-
St. John's IceCaps,45,D,Mike Cornell,M. Cornell,14,2,3,0,2,25,0.14,0.21,0.00,0.14,1.79,6,3,0.67
Texas Stars,13,D,Mike Dalhuisen,M. Dalhuisen,8,1,0,1,0,7,0.13,0.00,0.13,0.00,0.88,1,1,0.50
Albany Devils,37,D,Mike Keenan,M. Keenan,8,0,1,0,1,8,0.00,0.13,0.00,0.13,1.00,4,4,0.50
Syracuse Crunch,10,C,Mike Angelidis,M. Angelidis,35,12,6,10,6,62,0.34,0.17,0.29,0.17,1.77,18,15,0.55
Syracuse Crunch,21,RW,Mike Blunden,M. Blunden,24,9,5,6,4,75,0.38,0.21,0.25,0.17,3.13,10,13,0.43
Bridgeport Sound Tigers,26,RW,Mike Halmo,M. Halmo,22,7,5,2,3,55,0.32,0.23,0.09,0.14,2.50,5,9,0.36
Springfield Falcons,11,LW,Mike Hoeffel,M. Hoeffel,28,3,4,2,2,39,0.11,0.14,0.07,0.07,1.39,9,7,0.56
Charlotte Checkers,3,D,Mike Little,M. Little,4,0,0,0,0,2,0.00,0.00,0.00,0.00,0.50,2,2,0.50
Portland Pirates,56,G,Mike McKenna,M. McKenna,29,0,3,0,1,0,0.00,0.10,0.00,0.03,0.00,0,0,-
Hershey Bears,6,D,Mike Moore,M. Moore,10,0,3,0,0,18,0.00,0.30,0.00,0.00,1.80,2,4,0.33
Lake Erie Monsters,43,C,Mike Sgarbossa,M. Sgarbossa,30,3,18,3,12,65,0.10,0.60,0.10,0.40,2.17,17,24,0.41
Albany Devils,19,RW,Mike Sislo,M. Sislo,23,8,4,1,3,58,0.35,0.17,0.04,0.13,2.52,8,4,0.67
Utica Comets,14,LW,Mike Zalewski,M. Zalewski,16,1,1,1,1,16,0.06,0.06,0.06,0.06,1.00,3,4,0.43
Rochester Americans,25,C,Mikhail Grigorenko,M. Grigorenko,30,7,15,7,8,71,0.23,0.50,0.23,0.27,2.37,16,15,0.52
Grand Rapids Griffins,15,LW,Mitch Callahan,M. Callahan,33,10,14,6,7,90,0.30,0.42,0.18,0.21,2.73,23,18,0.56
Oklahoma City Barons,27,LW,Mitch Moroz,M. Moroz,28,0,2,0,2,32,0.00,0.07,0.00,0.07,1.14,7,11,0.39
Lake Erie Monsters,51,C,Mitchell Heard,M. Heard,18,4,2,4,2,30,0.22,0.11,0.22,0.11,1.67,11,7,0.61
Hamilton Bulldogs,3,D,Morgan Ellis,M. Ellis,2,0,0,4,5,3,0.00,0.00,2.00,2.50,1.50,12,19,0.39
Albany Devils,34,RW,Myles Bell,M. Bell,2,0,0,0,0,2,0.00,0.00,0.00,0.00,1.00,0,0,-
Hamilton Bulldogs,8,D,Nathan Beaulieu,N. Beaulieu,8,2,2,2,0,20,0.25,0.25,0.25,0.00,2.50,4,3,0.57
Rochester Americans,31,G,Nathan Lieuwen,N. Lieuwen,16,0,0,0,0,0,0.00,0.00,0.00,0.00,0.00,0,0,-
Chicago Wolves,26,LW,Nathan Longpre,N. Longpre,1,0,0,0,0,0,0.00,0.00,0.00,0.00,0.00,0,0,-
Norfolk Admirals,6,D,Nathan McIver,N. McIver,27,1,1,1,1,14,0.04,0.04,0.04,0.04,0.52,8,9,0.47
Adirondack Flames,12,C,Nathan Moon,N. Moon,6,0,1,0,1,5,0.00,0.17,0.00,0.17,0.83,0,1,0.00
Springfield Falcons,20,D,Nathan Oystrick,N. Oystrick,9,1,2,1,1,6,0.11,0.22,0.11,0.11,0.67,2,2,0.50
Grand Rapids Griffins,4,D,Nathan Paetsch,N. Paetsch,32,4,9,3,1,67,0.13,0.28,0.09,0.03,2.09,22,21,0.51
Hershey Bears,12,LW,Nathan Walker,N. Walker,26,1,3,1,3,29,0.04,0.12,0.04,0.12,1.12,10,6,0.63
Manchester Monarchs,26,C,Nic Dowd,N. Dowd,36,4,17,3,10,52,0.11,0.47,0.08,0.28,1.44,17,11,0.61
Norfolk Admirals,8,LW,Nic Kerdiles,N. Kerdiles,35,6,13,4,7,86,0.17,0.37,0.11,0.20,2.46,15,14,0.52
Iowa Wild,8,D,Nicholas Rioux,N. Rioux,3,0,0,0,0,0,0.00,0.00,0.00,0.00,0.00,1,1,0.50
Manchester Monarchs,23,D,Nick Ebert,N. Ebert,23,3,3,3,3,28,0.13,0.13,0.13,0.13,1.22,16,11,0.59
Lehigh Valley Phantoms,25,C,Nick Cousins,N. Cousins,33,8,10,4,8,59,0.24,0.30,0.12,0.24,1.79,15,13,0.54
Wilkes-Barre/Scranton Penguins,21,D,Nick D'Agostino,N. D'Agostino,16,0,4,0,4,10,0.00,0.25,0.00,0.25,0.63,6,4,0.60
Wilkes-Barre/Scranton Penguins,10,C,Nick Drazenovic,N. Drazenovic,13,7,3,5,3,28,0.54,0.23,0.38,0.23,2.15,8,2,0.80
Grand Rapids Griffins,14,D,Nick Jensen,N. Jensen,32,3,7,9,9,42,0.09,0.22,0.28,0.28,1.31,35,34,0.51
Worcester Sharks,25,D,Nick Jones,N. Jones,11,0,2,0,2,11,0.00,0.18,0.00,0.18,1.00,4,3,0.57
Rochester Americans,2,D,Nick Petrecki,N. Petrecki,19,0,2,0,1,14,0.00,0.11,0.00,0.05,0.74,8,11,0.42
Manchester Monarchs,37,C,Nick Shore,N. Shore,36,19,20,9,16,97,0.53,0.56,0.25,0.44,2.69,29,10,0.74
Hamilton Bulldogs,21,RW,Nick Sorkin,N. Sorkin,30,2,9,1,6,41,0.07,0.30,0.03,0.20,1.37,8,11,0.42
Hartford Wolf Pack,74,LW,Nick Tarnasky,N. Tarnasky,12,0,2,0,2,7,0.00,0.17,0.00,0.17,0.58,3,4,0.43
Utica Comets,37,D,Nick Tuzzolino,N. Tuzzolino,1,0,0,0,0,0,0.00,0.00,0.00,0.00,0.00,0,0,-
Utica Comets,17,RW,Nicklas Jensen,N. Jensen,24,9,7,9,9,70,0.38,0.29,0.38,0.38,2.92,35,34,0.51
St. John's IceCaps,26,LW,Nicolas Blanchard,N. Blanchard,26,1,5,1,5,34,0.04,0.19,0.04,0.19,1.31,10,10,0.50
Syracuse Crunch,89,D,Nikita Nesterov,N. Nesterov,32,3,11,1,4,64,0.09,0.34,0.03,0.13,2.00,24,15,0.62
Adirondack Flames,38,D,Nolan Yonkman,N. Yonkman,36,1,5,1,5,31,0.03,0.14,0.03,0.14,0.86,23,24,0.49
Lehigh Valley Phantoms,7,D,Oliver Lauridsen,O. Lauridsen,33,0,2,0,0,28,0.00,0.06,0.00,0.00,0.85,12,16,0.43
Springfield Falcons,31,G,Oscar Dansk,O. Dansk,11,0,0,0,0,0,0.00,0.00,0.00,0.00,0.00,0,0,-
Oklahoma City Barons,8,D,Oscar Klefbom,O. Klefbom,9,1,7,0,7,13,0.11,0.78,0.00,0.78,1.44,15,7,0.68
Hartford Wolf Pack,24,C,Oscar Lindberg,O. Lindberg,34,9,12,5,9,95,0.26,0.35,0.15,0.26,2.79,18,14,0.56
Chicago Wolves,12,C,Pat Cannone,P. Cannone,35,6,16,4,10,53,0.17,0.46,0.11,0.29,1.51,22,16,0.58
Rochester Americans,40,G,Pat Nagle,P. Nagle,1,0,0,0,0,0,0.00,0.00,0.00,0.00,0.00,0,0,-
St. John's IceCaps,28,C,Patrice Cormier,P. Cormier,21,5,5,1,1,33,0.24,0.24,0.05,0.05,1.57,5,12,0.29
Charlotte Checkers,24,C,Patrick Brown,P. Brown,19,1,3,1,2,23,0.05,0.16,0.05,0.11,1.21,4,10,0.29
Milwaukee Admirals,10,RW,Patrick Cehlin,P. Cehlin,4,0,0,0,0,7,0.00,0.00,0.00,0.00,1.75,2,1,0.67
St. John's IceCaps,41,RW,Patrick Holland,P. Holland,7,0,0,0,0,1,0.00,0.00,0.00,0.00,0.14,0,2,0.00
Utica Comets,18,RW,Patrick Kennedy,P. Kennedy,4,0,0,0,0,7,0.00,0.00,0.00,0.00,1.75,1,0,1.00
Wilkes-Barre/Scranton Penguins,13,RW,Patrick McGrath,P. McGrath,2,0,0,0,0,3,0.00,0.00,0.00,0.00,1.50,0,2,0.00
Portland Pirates,20,D,Patrick McNeill,P. McNeill,1,0,1,0,0,5,0.00,1.00,0.00,0.00,5.00,0,1,0.00
Binghamton Senators,14,D,Patrick Mullen,P. Mullen,34,4,12,1,7,46,0.12,0.35,0.03,0.21,1.35,22,24,0.48
Adirondack Flames,32,D,Patrick Sieloff,P. Sieloff,22,1,1,1,1,21,0.05,0.05,0.05,0.05,0.95,5,8,0.38
Toronto Marlies,21,LW,Patrick Watling,P. Watling,23,2,1,2,1,15,0.09,0.04,0.09,0.04,0.65,4,1,0.80
Hershey Bears,28,D,Patrick Wey,P. Wey,3,0,0,0,0,1,0.00,0.00,0.00,0.00,0.33,0,0,-
Manchester Monarchs,30,G,Patrik Bartosak,P. Bartosak,11,0,0,0,0,0,0.00,0.00,0.00,0.00,0.00,0,0,-
Manchester Monarchs,15,LW,Paul Bissonnette,P. Bissonnette,21,0,0,0,0,13,0.00,0.00,0.00,0.00,0.62,2,4,0.33
Lake Erie Monsters,28,LW,Paul Carey,P. Carey,29,9,11,6,7,45,0.31,0.38,0.21,0.24,1.55,17,21,0.45
Wilkes-Barre/Scranton Penguins,38,D,Paul Cianfrini,P. Cianfrini,3,0,0,0,0,0,0.00,0.00,0.00,0.00,0.00,1,4,0.20
Albany Devils,15,RW,Paul Thompson,P. Thompson,32,15,14,11,8,105,0.47,0.44,0.34,0.25,3.28,23,10,0.70
Utica Comets,40,D,Peter Andersson,P. Andersson,21,2,2,2,1,27,0.10,0.10,0.10,0.05,1.29,14,11,0.56
St. John's IceCaps,30,G,Peter Budaj,P. Budaj,12,0,0,0,0,0,0.00,0.00,0.00,0.00,0.00,0,0,-
Albany Devils,5,D,Peter Harrold,P. Harrold,13,1,1,0,1,21,0.08,0.08,0.00,0.08,1.62,5,5,0.50
Binghamton Senators,31,G,Peter Mannino,P. Mannino,5,0,0,0,0,0,0.00,0.00,0.00,0.00,0.00,0,0,-
Rockford IceHogs,11,C,Peter Regin,P. Regin,31,5,13,4,9,62,0.16,0.42,0.13,0.29,2.00,18,16,0.53
Bridgeport Sound Tigers,59,RW,Peter Sivak,P. Sivak,5,1,0,0,0,8,0.20,0.00,0.00,0.00,1.60,3,2,0.60
Grand Rapids Griffins,34,G,Petr Mrazek,P. Mrazek,6,0,0,0,0,0,0.00,0.00,0.00,0.00,0.00,0,0,-
Lehigh Valley Phantoms,24,F,Petr Straka,P. Straka,31,8,5,8,3,69,0.26,0.16,0.26,0.10,2.23,14,13,0.52
Toronto Marlies,12,C,Petri Kontiola,P. Kontiola,11,0,0,0,0,14,0.00,0.00,0.00,0.00,1.27,2,4,0.33
Worcester Sharks,41,RW,Petter Emanuelsson,P. Emanuelsson,6,4,0,4,0,14,0.67,0.00,0.67,0.00,2.33,4,3,0.57
Toronto Marlies,8,D,Petter Granberg,P. Granberg,22,0,6,0,6,12,0.00,0.27,0.00,0.27,0.55,9,11,0.45
Chicago Wolves,4,D,Petteri Lindbohm,P. Lindbohm,25,4,6,3,2,56,0.16,0.24,0.12,0.08,2.24,24,19,0.56
Hershey Bears,30,G,Pheonix Copley,P. Copley,11,0,0,0,0,0,0.00,0.00,0.00,0.00,0.00,0,0,-
Charlotte Checkers,28,LW,Phil Di Giuseppe,P. Di Giuseppe,35,6,8,5,6,77,0.17,0.23,0.14,0.17,2.20,17,19,0.47
Portland Pirates,22,RW,Phil Lane,P. Lane,23,1,3,1,2,20,0.04,0.13,0.04,0.09,0.87,6,9,0.40
Rochester Americans,22,C,Phil Varone,P. Varone,35,8,21,6,12,79,0.23,0.60,0.17,0.34,2.26,25,26,0.49
Chicago Wolves,10,C,Philip McRae,P. McRae,32,10,10,7,3,77,0.31,0.31,0.22,0.09,2.41,16,13,0.55
Portland Pirates,8,D,Philip Samuelsson,P. Samuelsson,36,1,6,0,5,40,0.03,0.17,0.00,0.14,1.11,15,12,0.56
Hershey Bears,31,G,Philipp Grubauer,P. Grubauer,24,0,0,0,0,0,0.00,0.00,0.00,0.00,0.00,0,0,-
Hershey Bears,18,LW,Philippe Cornet,P. Cornet,24,5,3,3,1,39,0.21,0.13,0.13,0.04,1.63,6,5,0.55
Syracuse Crunch,63,LW,Philippe Paradis,P. Paradis,27,7,6,6,6,49,0.26,0.22,0.22,0.22,1.81,13,5,0.72
Rockford IceHogs,18,C,Phillip Danault,P. Danault,31,4,16,4,13,76,0.13,0.52,0.13,0.42,2.45,19,12,0.61
Rockford IceHogs,22,LW,Pierre-Cedric Labrie,P. Labrie,31,3,4,2,3,37,0.10,0.13,0.06,0.10,1.19,9,12,0.43
Wilkes-Barre/Scranton Penguins,34,RW,Pierre-Luc Letourneau-Leblond,P. Letourneau-Leblond,29,0,2,0,2,24,0.00,0.07,0.00,0.07,0.83,7,8,0.47
Milwaukee Admirals,46,RW,Pontus berg,P. berg,29,13,7,8,5,78,0.45,0.24,0.28,0.17,2.69,16,10,0.62
San Antonio Rampage,24,LW,Quinton Howden,Q. Howden,10,0,6,0,5,10,0.00,0.60,0.00,0.50,1.00,6,3,0.67
Texas Stars,29,C,Radek Faksa,R. Faksa,32,4,6,3,2,49,0.13,0.19,0.09,0.06,1.53,8,21,0.28
St. John's IceCaps,23,D,Ralfs Freibergs,R. Freibergs,5,0,2,0,1,2,0.00,0.40,0.00,0.20,0.40,1,2,0.33
Albany Devils,29,D,Raman Hrabarenka,R. Hrabarenka,20,4,10,2,7,36,0.20,0.50,0.10,0.35,1.80,12,9,0.57
Iowa Wild,28,F,Raphael Bussieres,R. Bussieres,6,0,0,0,0,4,0.00,0.00,0.00,0.00,0.67,0,4,0.00
Charlotte Checkers,2,D,Rasmus Rissanen,R. Rissanen,35,1,8,1,8,34,0.03,0.23,0.03,0.23,0.97,17,25,0.40
Albany Devils,24,D,Reece Scarlett,R. Scarlett,17,0,8,0,4,31,0.00,0.47,0.00,0.24,1.82,13,9,0.59
Albany Devils,14,LW,Reid Boucher,R. Boucher,30,10,10,5,3,75,0.33,0.33,0.17,0.10,2.50,12,8,0.60
Wilkes-Barre/Scranton Penguins,3,D,Reid McNeill,R. McNeill,34,1,3,1,3,25,0.03,0.09,0.03,0.09,0.74,10,12,0.45
Lake Erie Monsters,4,C,Reid Petryk,R. Petryk,6,1,3,1,3,6,0.17,0.50,0.17,0.50,1.00,4,1,0.80
Hamilton Bulldogs,14,LW,Rene Bourque,R. Bourque,4,2,2,5,9,17,0.50,0.50,1.25,2.25,4.25,17,17,0.50
Oklahoma City Barons,32,G,Richard Bachman,R. Bachman,16,0,0,0,0,0,0.00,0.00,0.00,0.00,0.00,0,0,-
Milwaukee Admirals,36,LW,Richard Clune,R. Clune,24,1,4,1,3,25,0.04,0.17,0.04,0.13,1.04,8,9,0.47
Norfolk Admirals,13,C,Rickard Rakell,R. Rakell,2,1,3,1,2,7,0.50,1.50,0.50,1.00,3.50,3,1,0.75
Worcester Sharks,40,LW,Riley Brace,R. Brace,4,1,2,1,2,6,0.25,0.50,0.25,0.50,1.50,3,0,1.00
Springfield Falcons,19,C,Riley Wetmore,R. Wetmore,1,0,0,0,0,0,0.00,0.00,0.00,0.00,0.00,0,1,0.00
Chicago Wolves,27,LW,Rob Bordson,R. Bordson,35,6,12,4,11,69,0.17,0.34,0.11,0.31,1.97,20,16,0.56
Providence Bruins,10,C,Rob Flick,R. Flick,26,7,1,6,1,45,0.27,0.04,0.23,0.04,1.73,11,8,0.58
Lehigh Valley Phantoms,72,G,Rob Zepp,R. Zepp,20,0,1,0,1,0,0.00,0.05,0.00,0.05,0.00,0,0,-
Lehigh Valley Phantoms,4,D,Robert Hagg,R. Hagg,28,2,11,0,6,62,0.07,0.39,0.00,0.21,2.21,14,14,0.50
San Antonio Rampage,9,C,Rocco Grimaldi,R. Grimaldi,30,6,15,5,9,61,0.20,0.50,0.17,0.30,2.03,18,13,0.58
Albany Devils,10,C,Rod Pelley,R. Pelley,30,3,1,2,1,35,0.10,0.03,0.07,0.03,1.17,10,13,0.43
Lake Erie Monsters,34,G,Roman Will,R. Will,11,0,0,0,0,0,0.00,0.00,0.00,0.00,0.00,0,0,-
Utica Comets,15,LW,Ronalds Kenins,R. Kenins,31,5,7,3,6,50,0.16,0.23,0.10,0.19,1.61,15,10,0.60
Worcester Sharks,22,RW,Ryan Carpenter,R. Carpenter,33,4,10,3,9,70,0.12,0.30,0.09,0.27,2.12,18,17,0.51
Hartford Wolf Pack,9,LW,Ryan Bourque,R. Bourque,34,6,9,5,9,63,0.18,0.26,0.15,0.26,1.85,17,17,0.50
Springfield Falcons,12,LW,Ryan Craig,R. Craig,33,11,11,4,7,70,0.33,0.33,0.12,0.21,2.12,18,10,0.64
Adirondack Flames,3,D,Ryan Culkin,R. Culkin,29,1,16,0,6,53,0.03,0.55,0.00,0.21,1.83,16,9,0.64
Binghamton Senators,43,C,Ryan Dzingel,R. Dzingel,27,8,3,8,3,45,0.30,0.11,0.30,0.11,1.67,14,18,0.44
Norfolk Admirals,31,G,Ryan Faragher,R. Faragher,2,0,0,0,0,0,0.00,0.00,0.00,0.00,0.00,0,0,-
Hartford Wolf Pack,39,RW,Ryan Haggerty,R. Haggerty,34,6,7,2,4,78,0.18,0.21,0.06,0.12,2.29,10,12,0.45
Oklahoma City Barons,12,LW,Ryan Hamilton,R. Hamilton,29,14,10,9,8,61,0.48,0.34,0.31,0.28,2.10,23,17,0.58
Rockford IceHogs,24,RW,Ryan Hartman,R. Hartman,36,5,8,5,7,71,0.14,0.22,0.14,0.19,1.97,20,11,0.65
Manchester Monarchs,24,LW,Ryan Horvat,R. Horvat,22,0,4,0,4,16,0.00,0.18,0.00,0.18,0.73,4,5,0.44
Utica Comets,18,LW,Ryan Jones,R. Jones,5,0,1,0,1,6,0.00,0.20,0.00,0.20,1.20,0,2,0.00
Hartford Wolf Pack,6,LW,Ryan Malone,R. Malone,17,4,4,4,2,38,0.24,0.24,0.24,0.12,2.24,7,4,0.64
San Antonio Rampage,17,C,Ryan Martindale,R. Martindale,27,6,2,3,2,53,0.22,0.07,0.11,0.07,1.96,6,16,0.27
Charlotte Checkers,6,D,Ryan Murphy,R. Murphy,23,0,17,0,10,44,0.00,0.74,0.00,0.43,1.91,14,18,0.44
St. John's IceCaps,9,C,Ryan Olsen,R. Olsen,35,2,3,2,3,30,0.06,0.09,0.06,0.09,0.86,4,15,0.21
St. John's IceCaps,47,D,Ryan Parent,R. Parent,4,0,1,0,1,2,0.00,0.25,0.00,0.25,0.50,3,2,0.60
Hartford Wolf Pack,22,C,Ryan Potulny,R. Potulny,20,1,3,1,2,31,0.05,0.15,0.05,0.10,1.55,7,6,0.54
Bridgeport Sound Tigers,6,D,Ryan Pulock,R. Pulock,29,12,5,2,3,73,0.41,0.17,0.07,0.10,2.52,14,13,0.52
Toronto Marlies,20,C,Ryan Rupert,R. Rupert,17,5,5,4,4,27,0.29,0.29,0.24,0.24,1.59,10,2,0.83
Rockford IceHogs,38,LW,Ryan Schnell,R. Schnell,15,1,3,1,3,15,0.07,0.20,0.07,0.20,1.00,6,5,0.55
Providence Bruins,24,C,Ryan Spooner,R. Spooner,21,3,10,1,6,50,0.14,0.48,0.05,0.29,2.38,8,12,0.40
Grand Rapids Griffins,7,D,Ryan Sproul,R. Sproul,30,3,10,3,7,72,0.10,0.33,0.10,0.23,2.40,20,19,0.51
Iowa Wild,15,F,Ryan Walters,R. Walters,10,1,5,1,4,19,0.10,0.50,0.10,0.40,1.90,8,6,0.57
Lehigh Valley Phantoms,39,C,Ryan White,R. White,3,0,0,0,0,2,0.00,0.00,0.00,0.00,0.67,1,2,0.33
Worcester Sharks,27,C,Rylan Schwartz,R. Schwartz,19,0,5,0,3,21,0.00,0.26,0.00,0.16,1.11,5,8,0.38
Wilkes-Barre/Scranton Penguins,33,LW,Sahir Gill,S. Gill,12,1,2,1,1,15,0.08,0.17,0.08,0.08,1.25,3,2,0.60
Toronto Marlies,16,C,Sam Carrick,S. Carrick,31,3,13,2,8,63,0.10,0.42,0.06,0.26,2.03,12,18,0.40
Lake Erie Monsters,42,C,Sam Henley,S. Henley,28,2,4,2,4,21,0.07,0.14,0.07,0.14,0.75,10,13,0.43
Lake Erie Monsters,74,G,Sami Aittokallio,S. Aittokallio,9,0,0,0,0,0,0.00,0.00,0.00,0.00,0.00,0,0,-
Hartford Wolf Pack,6,D,Samuel Noreau,S. Noreau,4,0,0,0,0,1,0.00,0.00,0.00,0.00,0.25,1,2,0.33
Bridgeport Sound Tigers,7,RW,Scooter Vaughan,S. Vaughan,33,7,4,5,3,59,0.21,0.12,0.15,0.09,1.79,13,13,0.50
Albany Devils,40,G,Scott Clemmensen,S. Clemmensen,7,0,0,0,0,0,0.00,0.00,0.00,0.00,0.00,0,0,-
Grand Rapids Griffins,2,D,Scott Czarnowczan,S. Czarnowczan,5,0,2,0,0,4,0.00,0.40,0.00,0.00,0.80,2,1,0.67
Rockford IceHogs,33,G,Scott Darling,S. Darling,15,0,0,0,0,0,0.00,0.00,0.00,0.00,0.00,0,0,-
Texas Stars,15,C,Scott Glennie,S. Glennie,34,4,14,3,12,60,0.12,0.41,0.09,0.35,1.76,24,22,0.52
Binghamton Senators,35,G,Scott Greenham,S. Greenham,13,0,0,0,0,0,0.00,0.00,0.00,0.00,0.00,0,0,-
Wilkes-Barre/Scranton Penguins,6,D,Scott Harrington,S. Harrington,21,0,5,0,5,23,0.00,0.24,0.00,0.24,1.10,11,5,0.69
St. John's IceCaps,24,RW,Scott Kosmachuk,S. Kosmachuk,34,6,5,3,2,53,0.18,0.15,0.09,0.06,1.56,5,15,0.25
Lehigh Valley Phantoms,21,C,Scott Laughton,S. Laughton,13,6,5,3,2,32,0.46,0.38,0.23,0.15,2.46,7,9,0.44
Bridgeport Sound Tigers,10,D,Scott Mayfield,S. Mayfield,33,0,5,0,4,32,0.00,0.15,0.00,0.12,0.97,15,17,0.47
Springfield Falcons,33,G,Scott Munroe,S. Munroe,6,0,0,0,0,0,0.00,0.00,0.00,0.00,0.00,0,0,-
Manchester Monarchs,25,RW,Scott Sabourin,S. Sabourin,20,2,5,2,5,31,0.10,0.25,0.10,0.25,1.55,9,9,0.50
Albany Devils,17,C,Scott Timmins,S. Timmins,23,6,13,5,7,52,0.26,0.57,0.22,0.30,2.26,13,8,0.62
Texas Stars,22,D,Scott Valentine,S. Valentine,18,1,2,1,2,21,0.06,0.11,0.06,0.11,1.17,13,10,0.57
Albany Devils,31,G,Scott Wedgewood,S. Wedgewood,17,0,1,0,0,0,0.00,0.06,0.00,0.00,0.00,0,0,-
Wilkes-Barre/Scranton Penguins,23,LW,Scott Wilson,S. Wilson,21,3,9,2,6,50,0.14,0.43,0.10,0.29,2.38,12,2,0.86
Manchester Monarchs,16,RW,Sean Backman,S. Backman,36,8,11,4,7,115,0.22,0.31,0.11,0.19,3.19,17,11,0.61
Springfield Falcons,17,C,Sean Collins,S. Collins,28,10,9,5,5,71,0.36,0.32,0.18,0.18,2.54,14,12,0.54
Bridgeport Sound Tigers,49,RW,Sebastian Collberg,S. Collberg,16,3,4,3,4,23,0.19,0.25,0.19,0.25,1.44,10,12,0.45
Chicago Wolves,38,RW,Sebastian Wannstrom,S. Wannstrom,17,2,7,1,6,32,0.12,0.41,0.06,0.35,1.88,10,6,0.63
Adirondack Flames,4,D,Sena Acolatse,S. Acolatse,15,2,3,1,3,19,0.13,0.20,0.07,0.20,1.27,8,5,0.62
Providence Bruins,17,RW,Seth Griffith,S. Griffith,3,2,1,1,1,9,0.67,0.33,0.33,0.33,3.00,3,0,1.00
Albany Devils,2,D,Seth Helgeson,S. Helgeson,12,0,1,0,1,7,0.00,0.08,0.00,0.08,0.58,7,4,0.64
Hamilton Bulldogs,38,F,Shane Bakker,S. Bakker,6,0,0,0,0,1,0.00,0.00,0.00,0.00,0.17,0,1,0.00
Grand Rapids Griffins,26,LW,Shane Berschbach,S. Berschbach,5,0,0,0,0,2,0.00,0.00,0.00,0.00,0.40,2,4,0.33
Chicago Wolves,9,RW,Shane Harper,S. Harper,35,12,6,6,4,56,0.34,0.17,0.17,0.11,1.60,15,20,0.43
San Antonio Rampage,44,D,Shane O'Brien,S. O'Brien,22,6,8,4,3,35,0.27,0.36,0.18,0.14,1.59,17,13,0.57
Binghamton Senators,18,LW,Shane Prince,S. Prince,32,11,16,8,11,80,0.34,0.50,0.25,0.34,2.50,23,16,0.59
Hartford Wolf Pack,21,RW,Shawn O'Donnell,S. O'Donnell,13,1,3,1,3,12,0.08,0.23,0.08,0.23,0.92,6,3,0.67
Lehigh Valley Phantoms,14,D,Shayne Gostisbehere,S. Gostisbehere,5,0,5,0,3,10,0.00,1.00,0.00,0.60,2.00,4,4,0.50
Norfolk Admirals,32,D,Shea Theodore,S. Theodore,5,3,2,1,1,14,0.60,0.40,0.20,0.20,2.80,3,4,0.43
Syracuse Crunch,65,D,Slater Koekkoek,S. Koekkoek,34,2,8,1,6,51,0.06,0.24,0.03,0.18,1.50,19,11,0.63
Toronto Marlies,13,RW,Spencer Abbott,S. Abbott,31,7,10,5,6,68,0.23,0.32,0.16,0.19,2.19,16,13,0.55
Providence Bruins,23,F,Spencer Asuchak,S. Asuchak,12,2,4,1,3,19,0.17,0.33,0.08,0.25,1.58,6,5,0.55
Hershey Bears,22,RW,Stanislav Galiev,S. Galiev,27,10,5,2,1,70,0.37,0.19,0.07,0.04,2.59,5,7,0.42
Norfolk Admirals,11,RW,Stefan Noesen,S. Noesen,4,1,2,1,1,8,0.25,0.50,0.25,0.25,2.00,3,4,0.43
Lake Erie Monsters,46,D,Stefan Elliott,S. Elliott,33,9,11,2,6,76,0.27,0.33,0.06,0.18,2.30,29,28,0.51
Albany Devils,18,LW,Stefan Matteau,S. Matteau,29,1,8,1,4,47,0.03,0.28,0.03,0.14,1.62,8,4,0.67
San Antonio Rampage,42,F,Stephan Vigier,S. Vigier,6,0,2,0,2,6,0.00,0.33,0.00,0.33,1.00,2,4,0.33
Iowa Wild,19,LW,Stephane Veilleux,S. Veilleux,27,2,7,2,5,34,0.07,0.26,0.07,0.19,1.26,10,18,0.36
Rockford IceHogs,4,D,Stephen Johns,S. Johns,20,0,6,0,4,32,0.00,0.30,0.00,0.20,1.60,12,6,0.67
Grand Rapids Griffins,90,C,Stephen Weiss,S. Weiss,3,2,0,1,0,4,0.67,0.00,0.33,0.00,1.33,2,1,0.67
Albany Devils,28,RW,Steve Bernier,S. Bernier,9,1,4,1,2,16,0.11,0.44,0.11,0.22,1.78,3,5,0.38
Providence Bruins,44,D,Steve Eminger,S. Eminger,27,2,9,1,4,36,0.07,0.33,0.04,0.15,1.33,20,15,0.57
Norfolk Admirals,33,LW,Steve MacIntyre,S. MacIntyre,18,0,0,0,0,3,0.00,0.00,0.00,0.00,0.17,1,4,0.20
Springfield Falcons,21,D,Steve McCarthy,S. McCarthy,3,0,0,0,0,1,0.00,0.00,0.00,0.00,0.33,1,0,1.00
Hershey Bears,7,D,Steve Oleksy,S. Oleksy,33,4,5,3,4,43,0.12,0.15,0.09,0.12,1.30,21,15,0.58
Oklahoma City Barons,13,RW,Steve Pinizzotto,S. Pinizzotto,10,1,6,1,4,12,0.10,0.60,0.10,0.40,1.20,5,2,0.71
Hartford Wolf Pack,44,D,Steve Spinell,S. Spinell,24,0,1,0,1,14,0.00,0.04,0.00,0.04,0.58,7,10,0.41
Lehigh Valley Phantoms,5,D,Steven Delisle,S. Delisle,27,0,8,0,7,49,0.00,0.30,0.00,0.26,1.81,14,13,0.52
San Antonio Rampage,11,C,Steven Hodges,S. Hodges,22,1,1,1,1,19,0.05,0.05,0.05,0.05,0.86,3,6,0.33
San Antonio Rampage,8,D,Steven Kampfer,S. Kampfer,33,7,7,3,3,84,0.21,0.21,0.09,0.09,2.55,22,20,0.52
Rochester Americans,44,D,Steven Shamanski,S. Shamanski,1,0,0,0,0,0,0.00,0.00,0.00,0.00,0.00,1,1,0.50
Iowa Wild,41,D,Stu Bickel,S. Bickel,9,0,3,0,2,12,0.00,0.33,0.00,0.22,1.33,5,10,0.33
Toronto Marlies,10,D,Stuart Percy,S. Percy,15,0,3,0,1,23,0.00,0.20,0.00,0.07,1.53,6,12,0.33
Hamilton Bulldogs,27,C,Sven Andrighetto,S. Andrighetto,21,9,9,6,6,63,0.43,0.43,0.29,0.29,3.00,18,13,0.58
Adirondack Flames,27,LW,Sven Baertschi,S. Baertschi,23,4,10,3,7,48,0.17,0.43,0.13,0.30,2.09,11,8,0.58
Rockford IceHogs,7,D,T.J. Brennan,T. Brennan,36,7,21,6,15,108,0.19,0.58,0.17,0.42,3.00,38,21,0.64
Hamilton Bulldogs,17,C,T.J. Hensick,T. Hensick,35,9,19,9,11,83,0.26,0.54,0.26,0.31,2.37,27,20,0.57
Springfield Falcons,18,C,T.J. Tynan,T. Tynan,36,4,19,3,10,53,0.11,0.53,0.08,0.28,1.47,16,16,0.50
Syracuse Crunch,71,C,Tanner Richard,T. Richard,35,5,13,4,11,58,0.14,0.37,0.11,0.31,1.66,19,3,0.86
Milwaukee Admirals,23,D,Taylor Aronson,T. Aronson,32,3,14,3,4,20,0.09,0.44,0.09,0.13,0.63,22,19,0.54
Wilkes-Barre/Scranton Penguins,4,D,Taylor Chorney,T. Chorney,32,2,7,1,5,42,0.06,0.22,0.03,0.16,1.31,25,9,0.74
Worcester Sharks,4,D,Taylor Doherty,T. Doherty,19,1,3,1,3,27,0.05,0.16,0.05,0.16,1.42,16,20,0.44
Worcester Sharks,14,D,Taylor Fedun,T. Fedun,33,1,15,1,8,66,0.03,0.45,0.03,0.24,2.00,16,15,0.52
Lehigh Valley Phantoms,23,LW,Taylor Leier,T. Leier,30,8,7,4,5,54,0.27,0.23,0.13,0.17,1.80,13,12,0.52
Texas Stars,25,C,Taylor Peters,T. Peters,22,0,2,0,2,13,0.00,0.09,0.00,0.09,0.59,7,11,0.39
Texas Stars,17,LW,Taylor Stefishen,T. Stefishen,4,0,1,0,1,6,0.00,0.25,0.00,0.25,1.50,2,1,0.67
Adirondack Flames,34,C,Taylor Vause,T. Vause,17,3,4,3,2,35,0.18,0.24,0.18,0.12,2.06,7,4,0.64
Grand Rapids Griffins,6,RW,Teemu Pulkkinen,T. Pulkkinen,33,20,19,14,13,125,0.61,0.58,0.42,0.39,3.79,27,22,0.55
Chicago Wolves,37,LW,Terry Broadhurst,T. Broadhurst,30,4,9,1,8,42,0.13,0.30,0.03,0.27,1.40,14,17,0.45
Rockford IceHogs,21,C,Teuvo Teravainen,T. Teravainen,33,6,17,3,11,92,0.18,0.52,0.09,0.33,2.79,20,19,0.51
Springfield Falcons,37,D,Thomas Larkin,T. Larkin,32,3,10,1,9,27,0.09,0.31,0.03,0.28,0.84,18,11,0.62
Hershey Bears,13,C,Tim Kennedy,T. Kennedy,34,2,25,3,12,44,0.06,0.74,0.09,0.35,1.29,16,13,0.55
Rochester Americans,11,C,Tim Schaller,T. Schaller,34,10,13,5,9,86,0.29,0.38,0.15,0.26,2.53,13,13,0.50
Albany Devils,12,C,Tim Sestito,T. Sestito,27,6,7,4,5,57,0.22,0.26,0.15,0.19,2.11,12,13,0.48
Hershey Bears,27,LW,Tim Spencer,T. Spencer,12,0,0,0,0,6,0.00,0.00,0.00,0.00,0.50,1,1,0.50
Portland Pirates,9,RW,Tobias Rieder,T. Rieder,9,4,1,2,1,25,0.44,0.11,0.22,0.11,2.78,6,6,0.50
Wilkes-Barre/Scranton Penguins,29,RW,Tom Kostopoulos,T. Kostopoulos,34,6,11,5,5,57,0.18,0.32,0.15,0.15,1.68,14,10,0.58
Wilkes-Barre/Scranton Penguins,14,RW,Tom Kuhnhackl,T. Kuhnhackl,33,2,4,1,4,47,0.06,0.12,0.03,0.12,1.42,10,6,0.63
Grand Rapids Griffins,30,G,Tom McCollum,T. McCollum,20,0,1,0,1,0,0.00,0.05,0.00,0.05,0.00,0,0,-
Toronto Marlies,25,D,Tom Nilsson,T. Nilsson,35,1,5,1,4,26,0.03,0.14,0.03,0.11,0.74,22,19,0.54
Utica Comets,27,LW,Tom Sestito,T. Sestito,3,0,0,4,5,4,0.00,0.00,1.33,1.67,1.33,12,13,0.48
Hershey Bears,14,RW,Tom Wilson,T. Wilson,2,0,0,0,0,5,0.00,0.00,0.00,0.00,2.50,1,1,0.50
Hartford Wolf Pack,7,D,Tomas Kaberle,T. Kaberle,2,0,2,0,0,4,0.00,1.00,0.00,0.00,2.00,0,2,0.00
Hershey Bears,34,D,Tomas Kundratek,T. Kundratek,34,0,15,0,9,61,0.00,0.44,0.00,0.26,1.79,15,16,0.48
Grand Rapids Griffins,19,C,Tomas Nosek,T. Nosek,17,3,8,2,6,27,0.18,0.47,0.12,0.35,1.59,10,5,0.67
Lake Erie Monsters,81,RW,Tomas Vincour,T. Vincour,11,1,3,1,1,21,0.09,0.27,0.09,0.09,1.91,1,4,0.20
Providence Bruins,3,D,Tommy Cross,T. Cross,28,1,9,1,3,39,0.04,0.32,0.04,0.11,1.39,16,16,0.50
Hartford Wolf Pack,5,D,Tommy Hughes,T. Hughes,28,1,2,0,2,25,0.04,0.07,0.00,0.07,0.89,13,16,0.45
San Antonio Rampage,36,LW,Tony Turgeon,T. Turgeon,7,0,0,0,0,7,0.00,0.00,0.00,0.00,1.00,1,3,0.25
Utica Comets,2,D,Travis Ehrhardt,T. Ehrhardt,18,1,3,1,1,16,0.06,0.17,0.06,0.06,0.89,9,11,0.45
Oklahoma City Barons,21,C,Travis Ewanyk,T. Ewanyk,32,1,2,1,2,52,0.03,0.06,0.03,0.06,1.63,8,20,0.29
Texas Stars,23,C,Travis Morin,T. Morin,24,11,15,8,7,68,0.46,0.63,0.33,0.29,2.83,19,16,0.54
Worcester Sharks,21,C,Travis Oleksuk,T. Oleksuk,27,3,4,3,4,38,0.11,0.15,0.11,0.15,1.41,10,10,0.50
Springfield Falcons,13,RW,Trent Vogelhuber,T. Vogelhuber,36,6,4,5,3,36,0.17,0.11,0.14,0.08,1.00,12,9,0.57
Charlotte Checkers,5,D,Trevor Carrick,T. Carrick,35,2,8,1,7,58,0.06,0.23,0.03,0.20,1.66,17,21,0.45
Lake Erie Monsters,39,LW,Trevor Cheek,T. Cheek,25,3,5,3,5,32,0.12,0.20,0.12,0.20,1.28,10,11,0.48
Adirondack Flames,24,LW,Trevor Gillies,T. Gillies,11,0,0,0,0,1,0.00,0.00,0.00,0.00,0.09,0,3,0.00
Toronto Marlies,23,C,Trevor Smith,T. Smith,8,2,3,1,3,12,0.25,0.38,0.13,0.38,1.50,6,4,0.60
Milwaukee Admirals,21,LW,Triston Grant,T. Grant,31,1,4,1,4,54,0.03,0.13,0.03,0.13,1.74,9,14,0.39
Toronto Marlies,19,LW,Troy Bodie,T. Bodie,32,5,2,3,2,51,0.16,0.06,0.09,0.06,1.59,9,12,0.43
Lake Erie Monsters,14,C,Troy Bourke,T. Bourke,23,4,7,3,6,22,0.17,0.30,0.13,0.26,0.96,14,6,0.70
Worcester Sharks,1,G,Troy Grosenick,T. Grosenick,19,0,0,0,0,0,0.00,0.00,0.00,0.00,0.00,0,0,-
Adirondack Flames,13,C,Turner Elson,T. Elson,29,4,6,4,5,57,0.14,0.21,0.14,0.17,1.97,12,11,0.52
Chicago Wolves,8,RW,Ty Rattie,T. Rattie,35,15,8,11,5,113,0.43,0.23,0.31,0.14,3.23,20,10,0.67
Grand Rapids Griffins,25,F,Tyler Barnes,T. Barnes,1,0,0,0,0,1,0.00,0.00,0.00,0.00,1.00,0,0,-
Toronto Marlies,22,RW,Tyler Biggs,T. Biggs,28,2,1,2,1,38,0.07,0.04,0.07,0.04,1.36,8,7,0.53
Portland Pirates,32,C,Tyler Gaudet,T. Gaudet,31,4,4,2,3,35,0.13,0.13,0.06,0.10,1.13,10,10,0.50
Iowa Wild,4,F,Tyler Graovac,T. Graovac,31,12,12,6,7,86,0.39,0.39,0.19,0.23,2.77,16,19,0.46
Worcester Sharks,8,RW,Tyler Kennedy,T. Kennedy,3,2,1,3,12,12,0.67,0.33,1.00,4.00,4.00,16,13,0.55
Oklahoma City Barons,9,RW,Tyler Pitlick,T. Pitlick,14,3,6,2,3,36,0.21,0.43,0.14,0.21,2.57,7,8,0.47
Providence Bruins,11,RW,Tyler Randell,T. Randell,34,5,3,3,3,53,0.15,0.09,0.09,0.09,1.56,9,9,0.50
Worcester Sharks,38,RW,Tyler Shattock,T. Shattock,3,0,0,0,0,2,0.00,0.00,0.00,0.00,0.67,0,0,-
Adirondack Flames,49,C,Tyler Spurgeon,T. Spurgeon,1,0,0,0,0,2,0.00,0.00,0.00,0.00,2.00,0,0,-
Adirondack Flames,5,D,Tyler Wotherspoon,T. Wotherspoon,35,2,12,1,8,60,0.06,0.34,0.03,0.23,1.71,20,21,0.49
Texas Stars,37,RW,Valeri Nichushkin,V. Nichushkin,2,0,1,0,0,7,0.00,0.50,0.00,0.00,3.50,0,2,0.00
Milwaukee Admirals,33,RW,Viktor Arvidsson,V. Arvidsson,33,10,10,4,6,104,0.30,0.30,0.12,0.18,3.15,12,11,0.52
Toronto Marlies,50,D,Viktor Loov,V. Loov,34,2,8,2,6,42,0.06,0.24,0.06,0.18,1.24,21,17,0.55
Milwaukee Admirals,25,LW,Viktor Stalberg,V. Stalberg,6,2,4,1,4,16,0.33,0.67,0.17,0.67,2.67,5,2,0.71
Rockford IceHogs,8,D,Viktor Svedberg,V. Svedberg,27,2,4,2,3,33,0.07,0.15,0.07,0.11,1.22,14,10,0.58
Rockford IceHogs,29,D,Ville Pokka,V. Pokka,30,6,8,3,7,72,0.20,0.27,0.10,0.23,2.40,25,19,0.57
Manchester Monarchs,5,D,Vincent LoVerde,V. LoVerde,32,4,3,3,2,44,0.13,0.09,0.09,0.06,1.38,20,13,0.61
San Antonio Rampage,14,C,Vincent Trocheck,V. Trocheck,8,2,4,2,3,16,0.25,0.50,0.25,0.38,2.00,9,3,0.75
Hartford Wolf Pack,47,RW,Vinny Saponari,V. Saponari,3,0,1,0,1,1,0.00,0.33,0.00,0.33,0.33,1,1,0.50
Syracuse Crunch,90,C,Vladislav Namestnikov,V. Namestnikov,14,7,8,3,6,42,0.50,0.57,0.21,0.43,3.00,8,6,0.57
Utica Comets,36,C,Wacey Hamilton,W. Hamilton,31,4,9,4,8,42,0.13,0.29,0.13,0.26,1.35,15,9,0.63
San Antonio Rampage,28,C,Wade Megan,W. Megan,21,0,1,0,1,31,0.00,0.05,0.00,0.05,1.48,4,10,0.29
Providence Bruins,16,F,Wayne Simpson,W. Simpson,2,0,0,0,0,1,0.00,0.00,0.00,0.00,0.50,0,1,0.00
Utica Comets,41,C,Will Acton,W. Acton,22,4,5,4,4,48,0.18,0.23,0.18,0.18,2.18,8,10,0.44
St. John's IceCaps,27,D,Will O'Neill,W. O'Neill,33,5,12,1,7,74,0.15,0.36,0.03,0.21,2.24,19,25,0.43
Springfield Falcons,4,D,Will Weber,W. Weber,10,0,0,0,0,9,0.00,0.00,0.00,0.00,0.90,5,4,0.56
Rochester Americans,28,LW,William Carrier,W. Carrier,33,2,3,2,3,29,0.06,0.09,0.06,0.09,0.88,10,10,0.50
Norfolk Admirals,22,C,William Karlsson,W. Karlsson,18,4,4,2,1,35,0.22,0.22,0.11,0.06,1.94,5,9,0.36
Texas Stars,2,D,William Wrenn,W. Wrenn,20,1,1,1,1,13,0.05,0.05,0.05,0.05,0.65,8,12,0.40
Worcester Sharks,26,RW,Willie Coetzee,W. Coetzee,6,2,2,2,2,12,0.33,0.33,0.33,0.33,2.00,4,0,1.00
Grand Rapids Griffins,16,D,Xavier Ouellet,X. Ouellet,21,1,7,1,5,56,0.05,0.33,0.05,0.24,2.67,19,14,0.58
Hartford Wolf Pack,0,G,Yann Danis,Y. Danis,11,0,0,0,0,0,0.00,0.00,0.00,0.00,0.00,0,0,-
St. John's IceCaps,20,D,Yann Sauve,Y. Sauve,4,1,0,0,0,6,0.25,0.00,0.00,0.00,1.50,2,2,0.50
Syracuse Crunch,37,LW,Yanni Gourde,Y. Gourde,35,13,14,10,12,73,0.37,0.40,0.29,0.34,2.09,23,10,0.70
Chicago Wolves,18,LW,Yannick Veilleux,Y. Veilleux,27,4,1,3,1,35,0.15,0.04,0.11,0.04,1.30,8,10,0.44
Rochester Americans,21,RW,Zac Dalpe,Z. Dalpe,29,6,6,3,4,82,0.21,0.21,0.10,0.14,2.83,10,15,0.40
Charlotte Checkers,11,LW,Zach Boychuk,Z. Boychuk,2,1,0,1,0,8,0.50,0.00,0.50,0.00,4.00,1,0,1.00
Milwaukee Admirals,24,RW,Zach Budish,Z. Budish,7,2,2,2,2,11,0.29,0.29,0.29,0.29,1.57,5,2,0.71
Rockford IceHogs,3,D,Zach Miskovic,Z. Miskovic,19,1,1,1,1,28,0.05,0.05,0.05,0.05,1.47,8,9,0.47
Manchester Monarchs,10,RW,Zach O'Brien,Z. O'Brien,31,8,9,8,7,53,0.26,0.29,0.26,0.23,1.71,20,12,0.63
Providence Bruins,37,D,Zach Trotman,Z. Trotman,11,0,3,0,1,16,0.00,0.27,0.00,0.09,1.45,4,15,0.21
Iowa Wild,18,F,Zack Mitchell,Z. Mitchell,34,9,6,6,6,56,0.26,0.18,0.18,0.18,1.65,18,19,0.49
Iowa Wild,51,C,Zack Phillips,Z. Phillips,34,5,8,3,6,54,0.15,0.24,0.09,0.18,1.59,12,17,0.41
Lehigh Valley Phantoms,45,RW,Zack Stortini,Z. Stortini,33,5,8,4,5,52,0.15,0.24,0.12,0.15,1.58,13,9,0.59
Wilkes-Barre/Scranton Penguins,42,C,Zack Torquato,Z. Torquato,12,1,1,0,1,13,0.08,0.08,0.00,0.08,1.08,3,2,0.60
